date,facilities,dose,n,tier,maker,date.stated
2021-02-17,8,1,125,IRYO,pfizer,NA
2021-02-18,16,1,486,IRYO,pfizer,NA
2021-02-19,68,1,4428,IRYO,pfizer,NA
2021-02-22,95,1,6895,IRYO,pfizer,NA
2021-02-24,96,1,5954,IRYO,pfizer,NA
2021-02-25,100,1,4008,IRYO,pfizer,NA
2021-02-26,100,1,6634,IRYO,pfizer,NA
2021-03-01,100,1,3255,IRYO,pfizer,NA
2021-03-02,100,1,2987,IRYO,pfizer,NA
2021-03-03,101,1,2531,IRYO,pfizer,NA
2021-03-04,108,1,1871,IRYO,pfizer,NA
2021-03-05,149,1,7295,IRYO,pfizer,NA
2021-03-08,288,1,24327,IRYO,pfizer,NA
2021-03-09,445,1,36762,IRYO,pfizer,NA
2021-03-10,563,1,41357,IRYO,pfizer,NA
2021-03-11,642,1,31826,IRYO,pfizer,NA
2021-03-12,767,1,46453,IRYO,pfizer,NA
2021-03-15,1043,1,55204,IRYO,pfizer,NA
2021-03-16,1304,1,67446,IRYO,pfizer,NA
2021-03-17,1505,1,73352,IRYO,pfizer,NA
2021-03-18,1633,1,67217,IRYO,pfizer,NA
2021-03-19,1746,1,63041,IRYO,pfizer,NA
2021-03-22,1869,1,70115,IRYO,pfizer,NA
2021-03-23,1963,1,43801,IRYO,pfizer,NA
2021-03-24,2043,1,38731,IRYO,pfizer,NA
2021-03-25,2092,1,31571,IRYO,pfizer,NA
2021-03-26,2145,1,43993,IRYO,pfizer,NA
2021-03-29,2250,1,44039,IRYO,pfizer,NA
2021-03-30,2356,1,27242,IRYO,pfizer,NA
2021-03-31,2467,1,24213,IRYO,pfizer,NA
2021-04-01,2516,1,16156,IRYO,pfizer,NA
2021-04-02,2567,1,20026,IRYO,pfizer,NA
2021-04-05,2764,1,43297,IRYO,pfizer,NA
2021-04-06,2934,1,39420,IRYO,pfizer,NA
2021-04-07,3092,1,40371,IRYO,pfizer,NA
2021-04-08,3179,1,29956,IRYO,pfizer,NA
2021-04-09,3255,1,35313,IRYO,pfizer,NA
2021-02-17,8,2,0,IRYO,pfizer,NA
2021-02-18,16,2,0,IRYO,pfizer,NA
2021-02-19,68,2,0,IRYO,pfizer,NA
2021-02-22,95,2,0,IRYO,pfizer,NA
2021-02-24,96,2,0,IRYO,pfizer,NA
2021-02-25,100,2,0,IRYO,pfizer,NA
2021-02-26,100,2,0,IRYO,pfizer,NA
2021-03-01,100,2,0,IRYO,pfizer,NA
2021-03-02,100,2,0,IRYO,pfizer,NA
2021-03-03,101,2,0,IRYO,pfizer,NA
2021-03-04,108,2,0,IRYO,pfizer,NA
2021-03-05,149,2,0,IRYO,pfizer,NA
2021-03-08,288,2,0,IRYO,pfizer,NA
2021-03-09,445,2,0,IRYO,pfizer,NA
2021-03-10,563,2,35,IRYO,pfizer,NA
2021-03-11,642,2,408,IRYO,pfizer,NA
2021-03-12,767,2,2905,IRYO,pfizer,NA
2021-03-15,1043,2,4529,IRYO,pfizer,NA
2021-03-16,1304,2,1470,IRYO,pfizer,NA
2021-03-17,1505,2,4942,IRYO,pfizer,NA
2021-03-18,1633,2,4000,IRYO,pfizer,NA
2021-03-19,1746,2,7092,IRYO,pfizer,NA
2021-03-22,1869,2,3748,IRYO,pfizer,NA
2021-03-23,1963,2,2627,IRYO,pfizer,NA
2021-03-24,2043,2,3323,IRYO,pfizer,NA
2021-03-25,2092,2,2371,IRYO,pfizer,NA
2021-03-26,2145,2,3754,IRYO,pfizer,NA
2021-03-29,2250,2,23754,IRYO,pfizer,NA
2021-03-30,2356,2,31827,IRYO,pfizer,NA
2021-03-31,2467,2,28795,IRYO,pfizer,NA
2021-04-01,2516,2,31217,IRYO,pfizer,NA
2021-04-02,2567,2,26560,IRYO,pfizer,NA
2021-04-05,2764,2,56889,IRYO,pfizer,NA
2021-04-06,2934,2,52262,IRYO,pfizer,NA
2021-04-07,3092,2,64171,IRYO,pfizer,NA
2021-04-08,3179,2,64542,IRYO,pfizer,NA
2021-04-09,3255,2,69598,IRYO,pfizer,NA
2021-07-14,NA,1,22176,IRYO,pfizer,2021-07-15
2021-07-13,NA,1,25653,IRYO,pfizer,2021-07-15
2021-07-12,NA,1,47667,IRYO,pfizer,2021-07-15
2021-07-09,NA,1,31738,IRYO,pfizer,2021-07-15
2021-07-08,NA,1,34199,IRYO,pfizer,2021-07-15
2021-07-07,NA,1,28661,IRYO,pfizer,2021-07-15
2021-07-06,NA,1,45037,IRYO,pfizer,2021-07-15
2021-07-05,NA,1,57890,IRYO,pfizer,2021-07-15
2021-07-02,NA,1,25406,IRYO,pfizer,2021-07-15
2021-07-01,NA,1,36346,IRYO,pfizer,2021-07-15
2021-06-30,NA,1,30313,IRYO,pfizer,2021-07-15
2021-06-29,NA,1,36069,IRYO,pfizer,2021-07-15
2021-06-28,NA,1,71303,IRYO,pfizer,2021-07-15
2021-06-25,NA,1,47766,IRYO,pfizer,2021-07-15
2021-06-24,NA,1,43798,IRYO,pfizer,2021-07-15
2021-06-23,NA,1,46971,IRYO,pfizer,2021-07-15
2021-06-22,NA,1,44473,IRYO,pfizer,2021-07-15
2021-06-21,NA,1,67154,IRYO,pfizer,2021-07-15
2021-06-18,NA,1,50112,IRYO,pfizer,2021-07-15
2021-06-17,NA,1,46926,IRYO,pfizer,2021-07-15
2021-06-16,NA,1,43912,IRYO,pfizer,2021-07-15
2021-06-15,NA,1,40459,IRYO,pfizer,2021-07-15
2021-06-14,NA,1,85819,IRYO,pfizer,2021-07-15
2021-06-11,NA,1,54834,IRYO,pfizer,2021-07-15
2021-06-10,NA,1,52250,IRYO,pfizer,2021-07-15
2021-06-09,NA,1,67694,IRYO,pfizer,2021-07-15
2021-06-08,NA,1,71689,IRYO,pfizer,2021-07-15
2021-06-07,NA,1,104435,IRYO,pfizer,2021-07-15
2021-06-04,NA,1,62634,IRYO,pfizer,2021-07-15
2021-06-03,NA,1,59654,IRYO,pfizer,2021-07-15
2021-06-02,NA,1,71140,IRYO,pfizer,2021-07-15
2021-06-01,NA,1,66264,IRYO,pfizer,2021-07-15
2021-05-31,NA,1,131423,IRYO,pfizer,2021-07-15
2021-05-28,NA,1,87584,IRYO,pfizer,2021-07-15
2021-05-27,NA,1,84217,IRYO,pfizer,2021-07-15
2021-05-26,NA,1,93243,IRYO,pfizer,2021-07-15
2021-05-25,NA,1,87114,IRYO,pfizer,2021-07-15
2021-05-24,NA,1,136491,IRYO,pfizer,2021-07-15
2021-05-21,NA,1,99918,IRYO,pfizer,2021-07-15
2021-05-20,NA,1,81422,IRYO,pfizer,2021-07-15
2021-05-19,NA,1,88163,IRYO,pfizer,2021-07-15
2021-05-18,NA,1,94577,IRYO,pfizer,2021-07-15
2021-05-17,NA,1,133843,IRYO,pfizer,2021-07-15
2021-05-14,NA,1,99493,IRYO,pfizer,2021-07-15
2021-05-13,NA,1,93429,IRYO,pfizer,2021-07-15
2021-05-12,NA,1,82959,IRYO,pfizer,2021-07-15
2021-05-11,NA,1,90287,IRYO,pfizer,2021-07-15
2021-05-10,NA,1,155255,IRYO,pfizer,2021-07-15
2021-05-07,NA,1,97165,IRYO,pfizer,2021-07-15
2021-05-06,NA,1,268978,IRYO,pfizer,2021-07-15
2021-04-30,NA,1,227667,IRYO,pfizer,2021-07-15
2021-04-28,NA,1,194005,IRYO,pfizer,2021-07-15
2021-04-27,NA,1,172069,IRYO,pfizer,2021-07-15
2021-04-26,NA,1,221677,IRYO,pfizer,2021-07-15
2021-04-23,NA,1,147989,IRYO,pfizer,2021-07-15
2021-04-22,NA,1,128634,IRYO,pfizer,2021-07-15
2021-04-21,NA,1,126188,IRYO,pfizer,2021-07-15
2021-04-20,NA,1,98622,IRYO,pfizer,2021-07-15
2021-04-19,NA,1,64725,IRYO,pfizer,2021-07-15
2021-04-16,NA,1,29696,IRYO,pfizer,2021-07-15
2021-04-15,NA,1,16637,IRYO,pfizer,2021-07-15
2021-04-14,NA,1,9569,IRYO,pfizer,2021-07-15
2021-04-13,NA,1,13896,IRYO,pfizer,2021-07-15
2021-04-12,NA,1,26850,IRYO,pfizer,2021-07-15
2021-07-14,NA,1,178,IRYO,moderna,2021-07-15
2021-07-13,NA,1,9453,IRYO,moderna,2021-07-15
2021-07-12,NA,1,22048,IRYO,moderna,2021-07-15
2021-07-09,NA,1,221,IRYO,moderna,2021-07-15
2021-07-08,NA,1,2537,IRYO,moderna,2021-07-15
2021-07-07,NA,1,2304,IRYO,moderna,2021-07-15
2021-07-06,NA,1,1554,IRYO,moderna,2021-07-15
2021-07-05,NA,1,5788,IRYO,moderna,2021-07-15
2021-07-02,NA,1,978,IRYO,moderna,2021-07-15
2021-07-01,NA,1,589,IRYO,moderna,2021-07-15
2021-06-30,NA,1,1788,IRYO,moderna,2021-07-15
2021-06-29,NA,1,3367,IRYO,moderna,2021-07-15
2021-06-28,NA,1,7806,IRYO,moderna,2021-07-15
2021-06-25,NA,1,5529,IRYO,moderna,2021-07-15
2021-06-24,NA,1,1584,IRYO,moderna,2021-07-15
2021-06-23,NA,1,4683,IRYO,moderna,2021-07-15
2021-06-22,NA,1,1946,IRYO,moderna,2021-07-15
2021-06-21,NA,1,7843,IRYO,moderna,2021-07-15
2021-06-18,NA,1,2145,IRYO,moderna,2021-07-15
2021-06-17,NA,1,4611,IRYO,moderna,2021-07-15
2021-06-16,NA,1,2782,IRYO,moderna,2021-07-15
2021-06-15,NA,1,2956,IRYO,moderna,2021-07-15
2021-06-14,NA,1,5610,IRYO,moderna,2021-07-15
2021-06-11,NA,1,1669,IRYO,moderna,2021-07-15
2021-06-10,NA,1,1719,IRYO,moderna,2021-07-15
2021-06-09,NA,1,1047,IRYO,moderna,2021-07-15
2021-06-08,NA,1,990,IRYO,moderna,2021-07-15
2021-06-07,NA,1,2146,IRYO,moderna,2021-07-15
2021-06-04,NA,1,929,IRYO,moderna,2021-07-15
2021-06-03,NA,1,112,IRYO,moderna,2021-07-15
2021-06-02,NA,1,316,IRYO,moderna,2021-07-15
2021-06-01,NA,1,123,IRYO,moderna,2021-07-15
2021-05-31,NA,1,582,IRYO,moderna,2021-07-15
2021-05-28,NA,1,157,IRYO,moderna,2021-07-15
2021-05-27,NA,1,40,IRYO,moderna,2021-07-15
2021-05-26,NA,1,172,IRYO,moderna,2021-07-15
2021-05-25,NA,1,476,IRYO,moderna,2021-07-15
2021-05-24,NA,1,269,IRYO,moderna,2021-07-15
2021-05-21,NA,1,0,IRYO,moderna,2021-07-15
2021-05-20,NA,1,0,IRYO,moderna,2021-07-15
2021-05-19,NA,1,0,IRYO,moderna,2021-07-15
2021-05-18,NA,1,0,IRYO,moderna,2021-07-15
2021-05-17,NA,1,0,IRYO,moderna,2021-07-15
2021-05-14,NA,1,0,IRYO,moderna,2021-07-15
2021-05-13,NA,1,0,IRYO,moderna,2021-07-15
2021-05-12,NA,1,0,IRYO,moderna,2021-07-15
2021-05-11,NA,1,0,IRYO,moderna,2021-07-15
2021-05-10,NA,1,0,IRYO,moderna,2021-07-15
2021-05-07,NA,1,0,IRYO,moderna,2021-07-15
2021-05-06,NA,1,0,IRYO,moderna,2021-07-15
2021-04-30,NA,1,0,IRYO,moderna,2021-07-15
2021-04-28,NA,1,0,IRYO,moderna,2021-07-15
2021-04-27,NA,1,0,IRYO,moderna,2021-07-15
2021-04-26,NA,1,0,IRYO,moderna,2021-07-15
2021-04-23,NA,1,0,IRYO,moderna,2021-07-15
2021-04-22,NA,1,0,IRYO,moderna,2021-07-15
2021-04-21,NA,1,0,IRYO,moderna,2021-07-15
2021-04-20,NA,1,0,IRYO,moderna,2021-07-15
2021-04-19,NA,1,0,IRYO,moderna,2021-07-15
2021-04-16,NA,1,0,IRYO,moderna,2021-07-15
2021-04-15,NA,1,0,IRYO,moderna,2021-07-15
2021-04-14,NA,1,0,IRYO,moderna,2021-07-15
2021-04-13,NA,1,0,IRYO,moderna,2021-07-15
2021-04-12,NA,1,0,IRYO,moderna,2021-07-15
2021-07-14,NA,2,37839,IRYO,pfizer,2021-07-15
2021-07-13,NA,2,37198,IRYO,pfizer,2021-07-15
2021-07-12,NA,2,67841,IRYO,pfizer,2021-07-15
2021-07-09,NA,2,44589,IRYO,pfizer,2021-07-15
2021-07-08,NA,2,44991,IRYO,pfizer,2021-07-15
2021-07-07,NA,2,44525,IRYO,pfizer,2021-07-15
2021-07-06,NA,2,52475,IRYO,pfizer,2021-07-15
2021-07-05,NA,2,79320,IRYO,pfizer,2021-07-15
2021-07-02,NA,2,55293,IRYO,pfizer,2021-07-15
2021-07-01,NA,2,57754,IRYO,pfizer,2021-07-15
2021-06-30,NA,2,46697,IRYO,pfizer,2021-07-15
2021-06-29,NA,2,53790,IRYO,pfizer,2021-07-15
2021-06-28,NA,2,80018,IRYO,pfizer,2021-07-15
2021-06-25,NA,2,74926,IRYO,pfizer,2021-07-15
2021-06-24,NA,2,63930,IRYO,pfizer,2021-07-15
2021-06-23,NA,2,59733,IRYO,pfizer,2021-07-15
2021-06-22,NA,2,47609,IRYO,pfizer,2021-07-15
2021-06-21,NA,2,123679,IRYO,pfizer,2021-07-15
2021-06-18,NA,2,73691,IRYO,pfizer,2021-07-15
2021-06-17,NA,2,77793,IRYO,pfizer,2021-07-15
2021-06-16,NA,2,72041,IRYO,pfizer,2021-07-15
2021-06-15,NA,2,71948,IRYO,pfizer,2021-07-15
2021-06-14,NA,2,123536,IRYO,pfizer,2021-07-15
2021-06-11,NA,2,91480,IRYO,pfizer,2021-07-15
2021-06-10,NA,2,82622,IRYO,pfizer,2021-07-15
2021-06-09,NA,2,98643,IRYO,pfizer,2021-07-15
2021-06-08,NA,2,89243,IRYO,pfizer,2021-07-15
2021-06-07,NA,2,132756,IRYO,pfizer,2021-07-15
2021-06-04,NA,2,95640,IRYO,pfizer,2021-07-15
2021-06-03,NA,2,83391,IRYO,pfizer,2021-07-15
2021-06-02,NA,2,87670,IRYO,pfizer,2021-07-15
2021-06-01,NA,2,92670,IRYO,pfizer,2021-07-15
2021-05-31,NA,2,141250,IRYO,pfizer,2021-07-15
2021-05-28,NA,2,76775,IRYO,pfizer,2021-07-15
2021-05-27,NA,2,60892,IRYO,pfizer,2021-07-15
2021-05-26,NA,2,49174,IRYO,pfizer,2021-07-15
2021-05-25,NA,2,52062,IRYO,pfizer,2021-07-15
2021-05-24,NA,2,193829,IRYO,pfizer,2021-07-15
2021-05-21,NA,2,149103,IRYO,pfizer,2021-07-15
2021-05-20,NA,2,109111,IRYO,pfizer,2021-07-15
2021-05-19,NA,2,179703,IRYO,pfizer,2021-07-15
2021-05-18,NA,2,155667,IRYO,pfizer,2021-07-15
2021-05-17,NA,2,215723,IRYO,pfizer,2021-07-15
2021-05-14,NA,2,143385,IRYO,pfizer,2021-07-15
2021-05-13,NA,2,125710,IRYO,pfizer,2021-07-15
2021-05-12,NA,2,98761,IRYO,pfizer,2021-07-15
2021-05-11,NA,2,78451,IRYO,pfizer,2021-07-15
2021-05-10,NA,2,68249,IRYO,pfizer,2021-07-15
2021-05-07,NA,2,43179,IRYO,pfizer,2021-07-15
2021-05-06,NA,2,62936,IRYO,pfizer,2021-07-15
2021-04-30,NA,2,47240,IRYO,pfizer,2021-07-15
2021-04-28,NA,2,44268,IRYO,pfizer,2021-07-15
2021-04-27,NA,2,31105,IRYO,pfizer,2021-07-15
2021-04-26,NA,2,41651,IRYO,pfizer,2021-07-15
2021-04-23,NA,2,29683,IRYO,pfizer,2021-07-15
2021-04-22,NA,2,21855,IRYO,pfizer,2021-07-15
2021-04-21,NA,2,26696,IRYO,pfizer,2021-07-15
2021-04-20,NA,2,27797,IRYO,pfizer,2021-07-15
2021-04-19,NA,2,54307,IRYO,pfizer,2021-07-15
2021-04-16,NA,2,39991,IRYO,pfizer,2021-07-15
2021-04-15,NA,2,35983,IRYO,pfizer,2021-07-15
2021-04-14,NA,2,41427,IRYO,pfizer,2021-07-15
2021-04-13,NA,2,40090,IRYO,pfizer,2021-07-15
2021-04-12,NA,2,70086,IRYO,pfizer,2021-07-15
2021-07-14,NA,2,1964,IRYO,moderna,2021-07-15
2021-07-13,NA,2,1141,IRYO,moderna,2021-07-15
2021-07-12,NA,2,4028,IRYO,moderna,2021-07-15
2021-07-09,NA,2,1764,IRYO,moderna,2021-07-15
2021-07-08,NA,2,1613,IRYO,moderna,2021-07-15
2021-07-07,NA,2,1163,IRYO,moderna,2021-07-15
2021-07-06,NA,2,699,IRYO,moderna,2021-07-15
2021-07-05,NA,2,2091,IRYO,moderna,2021-07-15
2021-07-02,NA,2,147,IRYO,moderna,2021-07-15
2021-07-01,NA,2,108,IRYO,moderna,2021-07-15
2021-06-30,NA,2,381,IRYO,moderna,2021-07-15
2021-06-29,NA,2,1255,IRYO,moderna,2021-07-15
2021-06-28,NA,2,528,IRYO,moderna,2021-07-15
2021-06-25,NA,2,134,IRYO,moderna,2021-07-15
2021-06-24,NA,2,109,IRYO,moderna,2021-07-15
2021-06-23,NA,2,99,IRYO,moderna,2021-07-15
2021-06-22,NA,2,107,IRYO,moderna,2021-07-15
2021-06-21,NA,2,104,IRYO,moderna,2021-07-15
2021-06-18,NA,2,0,IRYO,moderna,2021-07-15
2021-06-17,NA,2,0,IRYO,moderna,2021-07-15
2021-06-16,NA,2,0,IRYO,moderna,2021-07-15
2021-06-15,NA,2,0,IRYO,moderna,2021-07-15
2021-06-14,NA,2,0,IRYO,moderna,2021-07-15
2021-06-11,NA,2,0,IRYO,moderna,2021-07-15
2021-06-10,NA,2,0,IRYO,moderna,2021-07-15
2021-06-09,NA,2,0,IRYO,moderna,2021-07-15
2021-06-08,NA,2,0,IRYO,moderna,2021-07-15
2021-06-07,NA,2,0,IRYO,moderna,2021-07-15
2021-06-04,NA,2,0,IRYO,moderna,2021-07-15
2021-06-03,NA,2,0,IRYO,moderna,2021-07-15
2021-06-02,NA,2,0,IRYO,moderna,2021-07-15
2021-06-01,NA,2,0,IRYO,moderna,2021-07-15
2021-05-31,NA,2,0,IRYO,moderna,2021-07-15
2021-05-28,NA,2,0,IRYO,moderna,2021-07-15
2021-05-27,NA,2,0,IRYO,moderna,2021-07-15
2021-05-26,NA,2,0,IRYO,moderna,2021-07-15
2021-05-25,NA,2,0,IRYO,moderna,2021-07-15
2021-05-24,NA,2,0,IRYO,moderna,2021-07-15
2021-05-21,NA,2,0,IRYO,moderna,2021-07-15
2021-05-20,NA,2,0,IRYO,moderna,2021-07-15
2021-05-19,NA,2,0,IRYO,moderna,2021-07-15
2021-05-18,NA,2,0,IRYO,moderna,2021-07-15
2021-05-17,NA,2,0,IRYO,moderna,2021-07-15
2021-05-14,NA,2,0,IRYO,moderna,2021-07-15
2021-05-13,NA,2,0,IRYO,moderna,2021-07-15
2021-05-12,NA,2,0,IRYO,moderna,2021-07-15
2021-05-11,NA,2,0,IRYO,moderna,2021-07-15
2021-05-10,NA,2,0,IRYO,moderna,2021-07-15
2021-05-07,NA,2,0,IRYO,moderna,2021-07-15
2021-05-06,NA,2,0,IRYO,moderna,2021-07-15
2021-04-30,NA,2,0,IRYO,moderna,2021-07-15
2021-04-28,NA,2,0,IRYO,moderna,2021-07-15
2021-04-27,NA,2,0,IRYO,moderna,2021-07-15
2021-04-26,NA,2,0,IRYO,moderna,2021-07-15
2021-04-23,NA,2,0,IRYO,moderna,2021-07-15
2021-04-22,NA,2,0,IRYO,moderna,2021-07-15
2021-04-21,NA,2,0,IRYO,moderna,2021-07-15
2021-04-20,NA,2,0,IRYO,moderna,2021-07-15
2021-04-19,NA,2,0,IRYO,moderna,2021-07-15
2021-04-16,NA,2,0,IRYO,moderna,2021-07-15
2021-04-15,NA,2,0,IRYO,moderna,2021-07-15
2021-04-14,NA,2,0,IRYO,moderna,2021-07-15
2021-04-13,NA,2,0,IRYO,moderna,2021-07-15
2021-04-12,NA,2,0,IRYO,moderna,2021-07-15
2021-07-14,NA,1,126614,KOREI,pfizer,2021-07-15
2021-07-13,NA,1,173032,KOREI,pfizer,2021-07-15
2021-07-12,NA,1,185105,KOREI,pfizer,2021-07-15
2021-07-11,NA,1,174303,KOREI,pfizer,2021-07-15
2021-07-10,NA,1,305331,KOREI,pfizer,2021-07-15
2021-07-09,NA,1,310810,KOREI,pfizer,2021-07-15
2021-07-08,NA,1,367959,KOREI,pfizer,2021-07-15
2021-07-07,NA,1,407179,KOREI,pfizer,2021-07-15
2021-07-06,NA,1,401850,KOREI,pfizer,2021-07-15
2021-07-05,NA,1,397985,KOREI,pfizer,2021-07-15
2021-07-04,NA,1,416273,KOREI,pfizer,2021-07-15
2021-07-03,NA,1,423003,KOREI,pfizer,2021-07-15
2021-07-02,NA,1,218914,KOREI,pfizer,2021-07-15
2021-07-01,NA,1,285344,KOREI,pfizer,2021-07-15
2021-06-30,NA,1,457256,KOREI,pfizer,2021-07-15
2021-06-29,NA,1,453657,KOREI,pfizer,2021-07-15
2021-06-28,NA,1,431478,KOREI,pfizer,2021-07-15
2021-06-27,NA,1,521925,KOREI,pfizer,2021-07-15
2021-06-26,NA,1,497359,KOREI,pfizer,2021-07-15
2021-06-25,NA,1,466151,KOREI,pfizer,2021-07-15
2021-06-24,NA,1,503514,KOREI,pfizer,2021-07-15
2021-06-23,NA,1,523778,KOREI,pfizer,2021-07-15
2021-06-22,NA,1,526716,KOREI,pfizer,2021-07-15
2021-06-21,NA,1,518588,KOREI,pfizer,2021-07-15
2021-06-20,NA,1,535161,KOREI,pfizer,2021-07-15
2021-06-19,NA,1,539744,KOREI,pfizer,2021-07-15
2021-06-18,NA,1,513110,KOREI,pfizer,2021-07-15
2021-06-17,NA,1,540878,KOREI,pfizer,2021-07-15
2021-06-16,NA,1,535887,KOREI,pfizer,2021-07-15
2021-06-15,NA,1,557260,KOREI,pfizer,2021-07-15
2021-06-14,NA,1,517351,KOREI,pfizer,2021-07-15
2021-06-13,NA,1,519430,KOREI,pfizer,2021-07-15
2021-06-12,NA,1,572405,KOREI,pfizer,2021-07-15
2021-06-11,NA,1,608113,KOREI,pfizer,2021-07-15
2021-06-10,NA,1,606443,KOREI,pfizer,2021-07-15
2021-06-09,NA,1,621546,KOREI,pfizer,2021-07-15
2021-06-08,NA,1,638011,KOREI,pfizer,2021-07-15
2021-06-07,NA,1,588639,KOREI,pfizer,2021-07-15
2021-06-06,NA,1,508968,KOREI,pfizer,2021-07-15
2021-06-05,NA,1,556838,KOREI,pfizer,2021-07-15
2021-06-04,NA,1,585466,KOREI,pfizer,2021-07-15
2021-06-03,NA,1,603872,KOREI,pfizer,2021-07-15
2021-06-02,NA,1,602395,KOREI,pfizer,2021-07-15
2021-06-01,NA,1,582293,KOREI,pfizer,2021-07-15
2021-05-31,NA,1,485443,KOREI,pfizer,2021-07-15
2021-05-30,NA,1,426011,KOREI,pfizer,2021-07-15
2021-05-29,NA,1,430049,KOREI,pfizer,2021-07-15
2021-05-28,NA,1,475804,KOREI,pfizer,2021-07-15
2021-05-27,NA,1,502302,KOREI,pfizer,2021-07-15
2021-05-26,NA,1,519503,KOREI,pfizer,2021-07-15
2021-05-25,NA,1,467779,KOREI,pfizer,2021-07-15
2021-05-24,NA,1,405375,KOREI,pfizer,2021-07-15
2021-05-23,NA,1,311223,KOREI,pfizer,2021-07-15
2021-05-22,NA,1,264338,KOREI,pfizer,2021-07-15
2021-05-21,NA,1,248726,KOREI,pfizer,2021-07-15
2021-05-20,NA,1,288074,KOREI,pfizer,2021-07-15
2021-05-19,NA,1,277791,KOREI,pfizer,2021-07-15
2021-05-18,NA,1,226872,KOREI,pfizer,2021-07-15
2021-05-17,NA,1,189165,KOREI,pfizer,2021-07-15
2021-05-16,NA,1,177808,KOREI,pfizer,2021-07-15
2021-05-15,NA,1,123798,KOREI,pfizer,2021-07-15
2021-05-14,NA,1,111996,KOREI,pfizer,2021-07-15
2021-05-13,NA,1,133718,KOREI,pfizer,2021-07-15
2021-05-12,NA,1,136606,KOREI,pfizer,2021-07-15
2021-05-11,NA,1,106713,KOREI,pfizer,2021-07-15
2021-05-10,NA,1,84383,KOREI,pfizer,2021-07-15
2021-05-09,NA,1,66233,KOREI,pfizer,2021-07-15
2021-05-08,NA,1,49000,KOREI,pfizer,2021-07-15
2021-05-07,NA,1,31534,KOREI,pfizer,2021-07-15
2021-05-06,NA,1,32975,KOREI,pfizer,2021-07-15
2021-05-05,NA,1,8192,KOREI,pfizer,2021-07-15
2021-05-04,NA,1,6647,KOREI,pfizer,2021-07-15
2021-05-03,NA,1,5775,KOREI,pfizer,2021-07-15
2021-05-02,NA,1,20271,KOREI,pfizer,2021-07-15
2021-05-01,NA,1,22727,KOREI,pfizer,2021-07-15
2021-04-30,NA,1,26898,KOREI,pfizer,2021-07-15
2021-04-29,NA,1,12816,KOREI,pfizer,2021-07-15
2021-04-28,NA,1,36743,KOREI,pfizer,2021-07-15
2021-04-27,NA,1,37410,KOREI,pfizer,2021-07-15
2021-04-26,NA,1,27577,KOREI,pfizer,2021-07-15
2021-04-25,NA,1,15292,KOREI,pfizer,2021-07-15
2021-04-24,NA,1,15716,KOREI,pfizer,2021-07-15
2021-04-23,NA,1,18402,KOREI,pfizer,2021-07-15
2021-04-22,NA,1,24763,KOREI,pfizer,2021-07-15
2021-04-21,NA,1,26332,KOREI,pfizer,2021-07-15
2021-04-20,NA,1,22044,KOREI,pfizer,2021-07-15
2021-04-19,NA,1,13967,KOREI,pfizer,2021-07-15
2021-04-18,NA,1,5630,KOREI,pfizer,2021-07-15
2021-04-17,NA,1,3686,KOREI,pfizer,2021-07-15
2021-04-16,NA,1,3456,KOREI,pfizer,2021-07-15
2021-04-15,NA,1,4357,KOREI,pfizer,2021-07-15
2021-04-14,NA,1,3136,KOREI,pfizer,2021-07-15
2021-04-13,NA,1,2906,KOREI,pfizer,2021-07-15
2021-04-12,NA,1,3505,KOREI,pfizer,2021-07-15
2021-07-14,NA,1,686,KOREI,moderna,2021-07-15
2021-07-13,NA,1,1078,KOREI,moderna,2021-07-15
2021-07-12,NA,1,833,KOREI,moderna,2021-07-15
2021-07-11,NA,1,957,KOREI,moderna,2021-07-15
2021-07-10,NA,1,1266,KOREI,moderna,2021-07-15
2021-07-09,NA,1,788,KOREI,moderna,2021-07-15
2021-07-08,NA,1,942,KOREI,moderna,2021-07-15
2021-07-07,NA,1,2794,KOREI,moderna,2021-07-15
2021-07-06,NA,1,882,KOREI,moderna,2021-07-15
2021-07-05,NA,1,2549,KOREI,moderna,2021-07-15
2021-07-04,NA,1,4321,KOREI,moderna,2021-07-15
2021-07-03,NA,1,9288,KOREI,moderna,2021-07-15
2021-07-02,NA,1,7178,KOREI,moderna,2021-07-15
2021-07-01,NA,1,7295,KOREI,moderna,2021-07-15
2021-06-30,NA,1,10751,KOREI,moderna,2021-07-15
2021-06-29,NA,1,10545,KOREI,moderna,2021-07-15
2021-06-28,NA,1,12087,KOREI,moderna,2021-07-15
2021-06-27,NA,1,14897,KOREI,moderna,2021-07-15
2021-06-26,NA,1,18426,KOREI,moderna,2021-07-15
2021-06-25,NA,1,13980,KOREI,moderna,2021-07-15
2021-06-24,NA,1,14140,KOREI,moderna,2021-07-15
2021-06-23,NA,1,14745,KOREI,moderna,2021-07-15
2021-06-22,NA,1,18229,KOREI,moderna,2021-07-15
2021-06-21,NA,1,18268,KOREI,moderna,2021-07-15
2021-06-20,NA,1,23095,KOREI,moderna,2021-07-15
2021-06-19,NA,1,24353,KOREI,moderna,2021-07-15
2021-06-18,NA,1,19686,KOREI,moderna,2021-07-15
2021-06-17,NA,1,24083,KOREI,moderna,2021-07-15
2021-06-16,NA,1,25589,KOREI,moderna,2021-07-15
2021-06-15,NA,1,26045,KOREI,moderna,2021-07-15
2021-06-14,NA,1,26877,KOREI,moderna,2021-07-15
2021-06-13,NA,1,30615,KOREI,moderna,2021-07-15
2021-06-12,NA,1,30222,KOREI,moderna,2021-07-15
2021-06-11,NA,1,26641,KOREI,moderna,2021-07-15
2021-06-10,NA,1,26627,KOREI,moderna,2021-07-15
2021-06-09,NA,1,25157,KOREI,moderna,2021-07-15
2021-06-08,NA,1,27314,KOREI,moderna,2021-07-15
2021-06-07,NA,1,27126,KOREI,moderna,2021-07-15
2021-06-06,NA,1,21438,KOREI,moderna,2021-07-15
2021-06-05,NA,1,18767,KOREI,moderna,2021-07-15
2021-06-04,NA,1,18718,KOREI,moderna,2021-07-15
2021-06-03,NA,1,18732,KOREI,moderna,2021-07-15
2021-06-02,NA,1,18373,KOREI,moderna,2021-07-15
2021-06-01,NA,1,18031,KOREI,moderna,2021-07-15
2021-05-31,NA,1,17081,KOREI,moderna,2021-07-15
2021-05-30,NA,1,15023,KOREI,moderna,2021-07-15
2021-05-29,NA,1,14581,KOREI,moderna,2021-07-15
2021-05-28,NA,1,13393,KOREI,moderna,2021-07-15
2021-05-27,NA,1,11703,KOREI,moderna,2021-07-15
2021-05-26,NA,1,10726,KOREI,moderna,2021-07-15
2021-05-25,NA,1,9273,KOREI,moderna,2021-07-15
2021-05-24,NA,1,9298,KOREI,moderna,2021-07-15
2021-05-23,NA,1,0,KOREI,moderna,2021-07-15
2021-05-22,NA,1,0,KOREI,moderna,2021-07-15
2021-05-21,NA,1,0,KOREI,moderna,2021-07-15
2021-05-20,NA,1,0,KOREI,moderna,2021-07-15
2021-05-19,NA,1,0,KOREI,moderna,2021-07-15
2021-05-18,NA,1,0,KOREI,moderna,2021-07-15
2021-05-17,NA,1,0,KOREI,moderna,2021-07-15
2021-05-16,NA,1,0,KOREI,moderna,2021-07-15
2021-05-15,NA,1,0,KOREI,moderna,2021-07-15
2021-05-14,NA,1,0,KOREI,moderna,2021-07-15
2021-05-13,NA,1,0,KOREI,moderna,2021-07-15
2021-05-12,NA,1,0,KOREI,moderna,2021-07-15
2021-05-11,NA,1,0,KOREI,moderna,2021-07-15
2021-05-10,NA,1,0,KOREI,moderna,2021-07-15
2021-05-09,NA,1,0,KOREI,moderna,2021-07-15
2021-05-08,NA,1,0,KOREI,moderna,2021-07-15
2021-05-07,NA,1,0,KOREI,moderna,2021-07-15
2021-05-06,NA,1,0,KOREI,moderna,2021-07-15
2021-05-05,NA,1,0,KOREI,moderna,2021-07-15
2021-05-04,NA,1,0,KOREI,moderna,2021-07-15
2021-05-03,NA,1,0,KOREI,moderna,2021-07-15
2021-05-02,NA,1,0,KOREI,moderna,2021-07-15
2021-05-01,NA,1,0,KOREI,moderna,2021-07-15
2021-04-30,NA,1,0,KOREI,moderna,2021-07-15
2021-04-29,NA,1,0,KOREI,moderna,2021-07-15
2021-04-28,NA,1,0,KOREI,moderna,2021-07-15
2021-04-27,NA,1,0,KOREI,moderna,2021-07-15
2021-04-26,NA,1,0,KOREI,moderna,2021-07-15
2021-04-25,NA,1,0,KOREI,moderna,2021-07-15
2021-04-24,NA,1,0,KOREI,moderna,2021-07-15
2021-04-23,NA,1,0,KOREI,moderna,2021-07-15
2021-04-22,NA,1,0,KOREI,moderna,2021-07-15
2021-04-21,NA,1,0,KOREI,moderna,2021-07-15
2021-04-20,NA,1,0,KOREI,moderna,2021-07-15
2021-04-19,NA,1,0,KOREI,moderna,2021-07-15
2021-04-18,NA,1,0,KOREI,moderna,2021-07-15
2021-04-17,NA,1,0,KOREI,moderna,2021-07-15
2021-04-16,NA,1,0,KOREI,moderna,2021-07-15
2021-04-15,NA,1,0,KOREI,moderna,2021-07-15
2021-04-14,NA,1,0,KOREI,moderna,2021-07-15
2021-04-13,NA,1,0,KOREI,moderna,2021-07-15
2021-04-12,NA,1,0,KOREI,moderna,2021-07-15
2021-07-14,NA,2,296679,KOREI,pfizer,2021-07-15
2021-07-13,NA,2,373875,KOREI,pfizer,2021-07-15
2021-07-12,NA,2,399330,KOREI,pfizer,2021-07-15
2021-07-11,NA,2,460553,KOREI,pfizer,2021-07-15
2021-07-10,NA,2,457401,KOREI,pfizer,2021-07-15
2021-07-09,NA,2,423976,KOREI,pfizer,2021-07-15
2021-07-08,NA,2,458510,KOREI,pfizer,2021-07-15
2021-07-07,NA,2,469835,KOREI,pfizer,2021-07-15
2021-07-06,NA,2,493011,KOREI,pfizer,2021-07-15
2021-07-05,NA,2,471875,KOREI,pfizer,2021-07-15
2021-07-04,NA,2,476725,KOREI,pfizer,2021-07-15
2021-07-03,NA,2,534331,KOREI,pfizer,2021-07-15
2021-07-02,NA,2,562548,KOREI,pfizer,2021-07-15
2021-07-01,NA,2,563364,KOREI,pfizer,2021-07-15
2021-06-30,NA,2,612252,KOREI,pfizer,2021-07-15
2021-06-29,NA,2,618942,KOREI,pfizer,2021-07-15
2021-06-28,NA,2,568447,KOREI,pfizer,2021-07-15
2021-06-27,NA,2,503224,KOREI,pfizer,2021-07-15
2021-06-26,NA,2,541968,KOREI,pfizer,2021-07-15
2021-06-25,NA,2,585191,KOREI,pfizer,2021-07-15
2021-06-24,NA,2,577844,KOREI,pfizer,2021-07-15
2021-06-23,NA,2,575580,KOREI,pfizer,2021-07-15
2021-06-22,NA,2,556325,KOREI,pfizer,2021-07-15
2021-06-21,NA,2,463904,KOREI,pfizer,2021-07-15
2021-06-20,NA,2,418395,KOREI,pfizer,2021-07-15
2021-06-19,NA,2,411464,KOREI,pfizer,2021-07-15
2021-06-18,NA,2,453547,KOREI,pfizer,2021-07-15
2021-06-17,NA,2,478906,KOREI,pfizer,2021-07-15
2021-06-16,NA,2,491260,KOREI,pfizer,2021-07-15
2021-06-15,NA,2,438760,KOREI,pfizer,2021-07-15
2021-06-14,NA,2,381170,KOREI,pfizer,2021-07-15
2021-06-13,NA,2,302159,KOREI,pfizer,2021-07-15
2021-06-12,NA,2,254425,KOREI,pfizer,2021-07-15
2021-06-11,NA,2,237201,KOREI,pfizer,2021-07-15
2021-06-10,NA,2,270046,KOREI,pfizer,2021-07-15
2021-06-09,NA,2,256412,KOREI,pfizer,2021-07-15
2021-06-08,NA,2,205933,KOREI,pfizer,2021-07-15
2021-06-07,NA,2,169863,KOREI,pfizer,2021-07-15
2021-06-06,NA,2,171625,KOREI,pfizer,2021-07-15
2021-06-05,NA,2,114456,KOREI,pfizer,2021-07-15
2021-06-04,NA,2,100164,KOREI,pfizer,2021-07-15
2021-06-03,NA,2,120550,KOREI,pfizer,2021-07-15
2021-06-02,NA,2,122415,KOREI,pfizer,2021-07-15
2021-06-01,NA,2,95998,KOREI,pfizer,2021-07-15
2021-05-31,NA,2,75579,KOREI,pfizer,2021-07-15
2021-05-30,NA,2,58542,KOREI,pfizer,2021-07-15
2021-05-29,NA,2,46329,KOREI,pfizer,2021-07-15
2021-05-28,NA,2,29071,KOREI,pfizer,2021-07-15
2021-05-27,NA,2,31285,KOREI,pfizer,2021-07-15
2021-05-26,NA,2,9089,KOREI,pfizer,2021-07-15
2021-05-25,NA,2,7454,KOREI,pfizer,2021-07-15
2021-05-24,NA,2,6801,KOREI,pfizer,2021-07-15
2021-05-23,NA,2,20206,KOREI,pfizer,2021-07-15
2021-05-22,NA,2,22617,KOREI,pfizer,2021-07-15
2021-05-21,NA,2,23079,KOREI,pfizer,2021-07-15
2021-05-20,NA,2,13156,KOREI,pfizer,2021-07-15
2021-05-19,NA,2,31503,KOREI,pfizer,2021-07-15
2021-05-18,NA,2,33082,KOREI,pfizer,2021-07-15
2021-05-17,NA,2,24711,KOREI,pfizer,2021-07-15
2021-05-16,NA,2,14497,KOREI,pfizer,2021-07-15
2021-05-15,NA,2,14919,KOREI,pfizer,2021-07-15
2021-05-14,NA,2,16334,KOREI,pfizer,2021-07-15
2021-05-13,NA,2,22947,KOREI,pfizer,2021-07-15
2021-05-12,NA,2,24164,KOREI,pfizer,2021-07-15
2021-05-11,NA,2,20178,KOREI,pfizer,2021-07-15
2021-05-10,NA,2,12822,KOREI,pfizer,2021-07-15
2021-05-09,NA,2,5668,KOREI,pfizer,2021-07-15
2021-05-08,NA,2,3839,KOREI,pfizer,2021-07-15
2021-05-07,NA,2,4507,KOREI,pfizer,2021-07-15
2021-05-06,NA,2,4671,KOREI,pfizer,2021-07-15
2021-05-05,NA,2,737,KOREI,pfizer,2021-07-15
2021-05-04,NA,2,542,KOREI,pfizer,2021-07-15
2021-05-03,NA,2,785,KOREI,pfizer,2021-07-15
2021-05-02,NA,2,0,KOREI,pfizer,2021-07-15
2021-05-01,NA,2,0,KOREI,pfizer,2021-07-15
2021-04-30,NA,2,0,KOREI,pfizer,2021-07-15
2021-04-29,NA,2,0,KOREI,pfizer,2021-07-15
2021-04-28,NA,2,0,KOREI,pfizer,2021-07-15
2021-04-27,NA,2,0,KOREI,pfizer,2021-07-15
2021-04-26,NA,2,0,KOREI,pfizer,2021-07-15
2021-04-25,NA,2,0,KOREI,pfizer,2021-07-15
2021-04-24,NA,2,0,KOREI,pfizer,2021-07-15
2021-04-23,NA,2,0,KOREI,pfizer,2021-07-15
2021-04-22,NA,2,0,KOREI,pfizer,2021-07-15
2021-04-21,NA,2,0,KOREI,pfizer,2021-07-15
2021-04-20,NA,2,0,KOREI,pfizer,2021-07-15
2021-04-19,NA,2,0,KOREI,pfizer,2021-07-15
2021-04-18,NA,2,0,KOREI,pfizer,2021-07-15
2021-04-17,NA,2,0,KOREI,pfizer,2021-07-15
2021-04-16,NA,2,0,KOREI,pfizer,2021-07-15
2021-04-15,NA,2,0,KOREI,pfizer,2021-07-15
2021-04-14,NA,2,0,KOREI,pfizer,2021-07-15
2021-04-13,NA,2,0,KOREI,pfizer,2021-07-15
2021-04-12,NA,2,0,KOREI,pfizer,2021-07-15
2021-07-14,NA,2,24541,KOREI,moderna,2021-07-15
2021-07-13,NA,2,26548,KOREI,moderna,2021-07-15
2021-07-12,NA,2,27184,KOREI,moderna,2021-07-15
2021-07-11,NA,2,29875,KOREI,moderna,2021-07-15
2021-07-10,NA,2,29070,KOREI,moderna,2021-07-15
2021-07-09,NA,2,25391,KOREI,moderna,2021-07-15
2021-07-08,NA,2,25483,KOREI,moderna,2021-07-15
2021-07-07,NA,2,24118,KOREI,moderna,2021-07-15
2021-07-06,NA,2,26175,KOREI,moderna,2021-07-15
2021-07-05,NA,2,26461,KOREI,moderna,2021-07-15
2021-07-04,NA,2,21206,KOREI,moderna,2021-07-15
2021-07-03,NA,2,18509,KOREI,moderna,2021-07-15
2021-07-02,NA,2,18201,KOREI,moderna,2021-07-15
2021-07-01,NA,2,18360,KOREI,moderna,2021-07-15
2021-06-30,NA,2,17925,KOREI,moderna,2021-07-15
2021-06-29,NA,2,17886,KOREI,moderna,2021-07-15
2021-06-28,NA,2,17439,KOREI,moderna,2021-07-15
2021-06-27,NA,2,4350,KOREI,moderna,2021-07-15
2021-06-26,NA,2,3502,KOREI,moderna,2021-07-15
2021-06-25,NA,2,3572,KOREI,moderna,2021-07-15
2021-06-24,NA,2,3154,KOREI,moderna,2021-07-15
2021-06-23,NA,2,3158,KOREI,moderna,2021-07-15
2021-06-22,NA,2,2590,KOREI,moderna,2021-07-15
2021-06-21,NA,2,3102,KOREI,moderna,2021-07-15
2021-06-20,NA,2,0,KOREI,moderna,2021-07-15
2021-06-19,NA,2,0,KOREI,moderna,2021-07-15
2021-06-18,NA,2,0,KOREI,moderna,2021-07-15
2021-06-17,NA,2,0,KOREI,moderna,2021-07-15
2021-06-16,NA,2,0,KOREI,moderna,2021-07-15
2021-06-15,NA,2,0,KOREI,moderna,2021-07-15
2021-06-14,NA,2,0,KOREI,moderna,2021-07-15
2021-06-13,NA,2,0,KOREI,moderna,2021-07-15
2021-06-12,NA,2,0,KOREI,moderna,2021-07-15
2021-06-11,NA,2,0,KOREI,moderna,2021-07-15
2021-06-10,NA,2,0,KOREI,moderna,2021-07-15
2021-06-09,NA,2,0,KOREI,moderna,2021-07-15
2021-06-08,NA,2,0,KOREI,moderna,2021-07-15
2021-06-07,NA,2,0,KOREI,moderna,2021-07-15
2021-06-06,NA,2,0,KOREI,moderna,2021-07-15
2021-06-05,NA,2,0,KOREI,moderna,2021-07-15
2021-06-04,NA,2,0,KOREI,moderna,2021-07-15
2021-06-03,NA,2,0,KOREI,moderna,2021-07-15
2021-06-02,NA,2,0,KOREI,moderna,2021-07-15
2021-06-01,NA,2,0,KOREI,moderna,2021-07-15
2021-05-31,NA,2,0,KOREI,moderna,2021-07-15
2021-05-30,NA,2,0,KOREI,moderna,2021-07-15
2021-05-29,NA,2,0,KOREI,moderna,2021-07-15
2021-05-28,NA,2,0,KOREI,moderna,2021-07-15
2021-05-27,NA,2,0,KOREI,moderna,2021-07-15
2021-05-26,NA,2,0,KOREI,moderna,2021-07-15
2021-05-25,NA,2,0,KOREI,moderna,2021-07-15
2021-05-24,NA,2,0,KOREI,moderna,2021-07-15
2021-05-23,NA,2,0,KOREI,moderna,2021-07-15
2021-05-22,NA,2,0,KOREI,moderna,2021-07-15
2021-05-21,NA,2,0,KOREI,moderna,2021-07-15
2021-05-20,NA,2,0,KOREI,moderna,2021-07-15
2021-05-19,NA,2,0,KOREI,moderna,2021-07-15
2021-05-18,NA,2,0,KOREI,moderna,2021-07-15
2021-05-17,NA,2,0,KOREI,moderna,2021-07-15
2021-05-16,NA,2,0,KOREI,moderna,2021-07-15
2021-05-15,NA,2,0,KOREI,moderna,2021-07-15
2021-05-14,NA,2,0,KOREI,moderna,2021-07-15
2021-05-13,NA,2,0,KOREI,moderna,2021-07-15
2021-05-12,NA,2,0,KOREI,moderna,2021-07-15
2021-05-11,NA,2,0,KOREI,moderna,2021-07-15
2021-05-10,NA,2,0,KOREI,moderna,2021-07-15
2021-05-09,NA,2,0,KOREI,moderna,2021-07-15
2021-05-08,NA,2,0,KOREI,moderna,2021-07-15
2021-05-07,NA,2,0,KOREI,moderna,2021-07-15
2021-05-06,NA,2,0,KOREI,moderna,2021-07-15
2021-05-05,NA,2,0,KOREI,moderna,2021-07-15
2021-05-04,NA,2,0,KOREI,moderna,2021-07-15
2021-05-03,NA,2,0,KOREI,moderna,2021-07-15
2021-05-02,NA,2,0,KOREI,moderna,2021-07-15
2021-05-01,NA,2,0,KOREI,moderna,2021-07-15
2021-04-30,NA,2,0,KOREI,moderna,2021-07-15
2021-04-29,NA,2,0,KOREI,moderna,2021-07-15
2021-04-28,NA,2,0,KOREI,moderna,2021-07-15
2021-04-27,NA,2,0,KOREI,moderna,2021-07-15
2021-04-26,NA,2,0,KOREI,moderna,2021-07-15
2021-04-25,NA,2,0,KOREI,moderna,2021-07-15
2021-04-24,NA,2,0,KOREI,moderna,2021-07-15
2021-04-23,NA,2,0,KOREI,moderna,2021-07-15
2021-04-22,NA,2,0,KOREI,moderna,2021-07-15
2021-04-21,NA,2,0,KOREI,moderna,2021-07-15
2021-04-20,NA,2,0,KOREI,moderna,2021-07-15
2021-04-19,NA,2,0,KOREI,moderna,2021-07-15
2021-04-18,NA,2,0,KOREI,moderna,2021-07-15
2021-04-17,NA,2,0,KOREI,moderna,2021-07-15
2021-04-16,NA,2,0,KOREI,moderna,2021-07-15
2021-04-15,NA,2,0,KOREI,moderna,2021-07-15
2021-04-14,NA,2,0,KOREI,moderna,2021-07-15
2021-04-13,NA,2,0,KOREI,moderna,2021-07-15
2021-04-12,NA,2,0,KOREI,moderna,2021-07-15
2021-07-14,NA,1,185231,IPPAN,pfizer,2021-07-15
2021-07-13,NA,1,221468,IPPAN,pfizer,2021-07-15
2021-07-12,NA,1,217197,IPPAN,pfizer,2021-07-15
2021-07-11,NA,1,272967,IPPAN,pfizer,2021-07-15
2021-07-10,NA,1,293504,IPPAN,pfizer,2021-07-15
2021-07-09,NA,1,238895,IPPAN,pfizer,2021-07-15
2021-07-08,NA,1,224886,IPPAN,pfizer,2021-07-15
2021-07-07,NA,1,219852,IPPAN,pfizer,2021-07-15
2021-07-06,NA,1,199649,IPPAN,pfizer,2021-07-15
2021-07-05,NA,1,176900,IPPAN,pfizer,2021-07-15
2021-07-04,NA,1,190851,IPPAN,pfizer,2021-07-15
2021-07-03,NA,1,176432,IPPAN,pfizer,2021-07-15
2021-07-02,NA,1,88391,IPPAN,pfizer,2021-07-15
2021-07-01,NA,1,82387,IPPAN,pfizer,2021-07-15
2021-06-30,NA,1,106665,IPPAN,pfizer,2021-07-15
2021-06-29,NA,1,96854,IPPAN,pfizer,2021-07-15
2021-06-28,NA,1,86130,IPPAN,pfizer,2021-07-15
2021-06-27,NA,1,106641,IPPAN,pfizer,2021-07-15
2021-06-26,NA,1,93451,IPPAN,pfizer,2021-07-15
2021-06-25,NA,1,94775,IPPAN,pfizer,2021-07-15
2021-06-24,NA,1,63061,IPPAN,pfizer,2021-07-15
2021-06-23,NA,1,57840,IPPAN,pfizer,2021-07-15
2021-06-22,NA,1,53030,IPPAN,pfizer,2021-07-15
2021-06-21,NA,1,45420,IPPAN,pfizer,2021-07-15
2021-06-20,NA,1,56212,IPPAN,pfizer,2021-07-15
2021-06-19,NA,1,50821,IPPAN,pfizer,2021-07-15
2021-06-18,NA,1,38869,IPPAN,pfizer,2021-07-15
2021-06-17,NA,1,34957,IPPAN,pfizer,2021-07-15
2021-06-16,NA,1,30909,IPPAN,pfizer,2021-07-15
2021-06-15,NA,1,28224,IPPAN,pfizer,2021-07-15
2021-06-14,NA,1,24357,IPPAN,pfizer,2021-07-15
2021-06-13,NA,1,29060,IPPAN,pfizer,2021-07-15
2021-06-12,NA,1,28600,IPPAN,pfizer,2021-07-15
2021-06-11,NA,1,25922,IPPAN,pfizer,2021-07-15
2021-06-10,NA,1,23114,IPPAN,pfizer,2021-07-15
2021-06-09,NA,1,23206,IPPAN,pfizer,2021-07-15
2021-06-08,NA,1,21244,IPPAN,pfizer,2021-07-15
2021-06-07,NA,1,18538,IPPAN,pfizer,2021-07-15
2021-06-06,NA,1,19521,IPPAN,pfizer,2021-07-15
2021-06-05,NA,1,20313,IPPAN,pfizer,2021-07-15
2021-06-04,NA,1,19796,IPPAN,pfizer,2021-07-15
2021-06-03,NA,1,18546,IPPAN,pfizer,2021-07-15
2021-06-02,NA,1,17770,IPPAN,pfizer,2021-07-15
2021-06-01,NA,1,16469,IPPAN,pfizer,2021-07-15
2021-05-31,NA,1,16707,IPPAN,pfizer,2021-07-15
2021-05-30,NA,1,13646,IPPAN,pfizer,2021-07-15
2021-05-29,NA,1,16330,IPPAN,pfizer,2021-07-15
2021-05-28,NA,1,21077,IPPAN,pfizer,2021-07-15
2021-05-27,NA,1,21775,IPPAN,pfizer,2021-07-15
2021-05-26,NA,1,22831,IPPAN,pfizer,2021-07-15
2021-05-25,NA,1,20214,IPPAN,pfizer,2021-07-15
2021-05-24,NA,1,15954,IPPAN,pfizer,2021-07-15
2021-05-23,NA,1,10659,IPPAN,pfizer,2021-07-15
2021-05-22,NA,1,13097,IPPAN,pfizer,2021-07-15
2021-05-21,NA,1,18329,IPPAN,pfizer,2021-07-15
2021-05-20,NA,1,19888,IPPAN,pfizer,2021-07-15
2021-05-19,NA,1,18066,IPPAN,pfizer,2021-07-15
2021-05-18,NA,1,15630,IPPAN,pfizer,2021-07-15
2021-05-17,NA,1,13195,IPPAN,pfizer,2021-07-15
2021-05-16,NA,1,6655,IPPAN,pfizer,2021-07-15
2021-05-15,NA,1,9943,IPPAN,pfizer,2021-07-15
2021-05-14,NA,1,15688,IPPAN,pfizer,2021-07-15
2021-05-13,NA,1,15390,IPPAN,pfizer,2021-07-15
2021-05-12,NA,1,15011,IPPAN,pfizer,2021-07-15
2021-05-11,NA,1,14337,IPPAN,pfizer,2021-07-15
2021-05-10,NA,1,12907,IPPAN,pfizer,2021-07-15
2021-05-09,NA,1,5051,IPPAN,pfizer,2021-07-15
2021-05-08,NA,1,8863,IPPAN,pfizer,2021-07-15
2021-05-07,NA,1,9606,IPPAN,pfizer,2021-07-15
2021-05-06,NA,1,8797,IPPAN,pfizer,2021-07-15
2021-05-05,NA,1,1110,IPPAN,pfizer,2021-07-15
2021-05-04,NA,1,1368,IPPAN,pfizer,2021-07-15
2021-05-03,NA,1,1335,IPPAN,pfizer,2021-07-15
2021-05-02,NA,1,2564,IPPAN,pfizer,2021-07-15
2021-05-01,NA,1,13670,IPPAN,pfizer,2021-07-15
2021-04-30,NA,1,33248,IPPAN,pfizer,2021-07-15
2021-04-29,NA,1,5447,IPPAN,pfizer,2021-07-15
2021-04-28,NA,1,42561,IPPAN,pfizer,2021-07-15
2021-04-27,NA,1,36161,IPPAN,pfizer,2021-07-15
2021-04-26,NA,1,27578,IPPAN,pfizer,2021-07-15
2021-04-25,NA,1,6536,IPPAN,pfizer,2021-07-15
2021-04-24,NA,1,16387,IPPAN,pfizer,2021-07-15
2021-04-23,NA,1,32113,IPPAN,pfizer,2021-07-15
2021-04-22,NA,1,28980,IPPAN,pfizer,2021-07-15
2021-04-21,NA,1,29422,IPPAN,pfizer,2021-07-15
2021-04-20,NA,1,24960,IPPAN,pfizer,2021-07-15
2021-04-19,NA,1,16489,IPPAN,pfizer,2021-07-15
2021-04-18,NA,1,2686,IPPAN,pfizer,2021-07-15
2021-04-17,NA,1,3884,IPPAN,pfizer,2021-07-15
2021-04-16,NA,1,6990,IPPAN,pfizer,2021-07-15
2021-04-15,NA,1,4512,IPPAN,pfizer,2021-07-15
2021-04-14,NA,1,1734,IPPAN,pfizer,2021-07-15
2021-04-13,NA,1,1325,IPPAN,pfizer,2021-07-15
2021-04-12,NA,1,1311,IPPAN,pfizer,2021-07-15
2021-07-14,NA,1,30137,IPPAN,moderna,2021-07-15
2021-07-13,NA,1,37619,IPPAN,moderna,2021-07-15
2021-07-12,NA,1,36791,IPPAN,moderna,2021-07-15
2021-07-11,NA,1,46636,IPPAN,moderna,2021-07-15
2021-07-10,NA,1,52116,IPPAN,moderna,2021-07-15
2021-07-09,NA,1,41250,IPPAN,moderna,2021-07-15
2021-07-08,NA,1,39420,IPPAN,moderna,2021-07-15
2021-07-07,NA,1,38054,IPPAN,moderna,2021-07-15
2021-07-06,NA,1,35052,IPPAN,moderna,2021-07-15
2021-07-05,NA,1,36110,IPPAN,moderna,2021-07-15
2021-07-04,NA,1,40057,IPPAN,moderna,2021-07-15
2021-07-03,NA,1,43514,IPPAN,moderna,2021-07-15
2021-07-02,NA,1,28791,IPPAN,moderna,2021-07-15
2021-07-01,NA,1,26914,IPPAN,moderna,2021-07-15
2021-06-30,NA,1,24427,IPPAN,moderna,2021-07-15
2021-06-29,NA,1,21254,IPPAN,moderna,2021-07-15
2021-06-28,NA,1,17784,IPPAN,moderna,2021-07-15
2021-06-27,NA,1,32198,IPPAN,moderna,2021-07-15
2021-06-26,NA,1,29545,IPPAN,moderna,2021-07-15
2021-06-25,NA,1,25534,IPPAN,moderna,2021-07-15
2021-06-24,NA,1,22976,IPPAN,moderna,2021-07-15
2021-06-23,NA,1,22295,IPPAN,moderna,2021-07-15
2021-06-22,NA,1,19601,IPPAN,moderna,2021-07-15
2021-06-21,NA,1,17900,IPPAN,moderna,2021-07-15
2021-06-20,NA,1,14132,IPPAN,moderna,2021-07-15
2021-06-19,NA,1,11514,IPPAN,moderna,2021-07-15
2021-06-18,NA,1,8703,IPPAN,moderna,2021-07-15
2021-06-17,NA,1,6872,IPPAN,moderna,2021-07-15
2021-06-16,NA,1,4201,IPPAN,moderna,2021-07-15
2021-06-15,NA,1,3012,IPPAN,moderna,2021-07-15
2021-06-14,NA,1,2398,IPPAN,moderna,2021-07-15
2021-06-13,NA,1,2943,IPPAN,moderna,2021-07-15
2021-06-12,NA,1,2513,IPPAN,moderna,2021-07-15
2021-06-11,NA,1,1891,IPPAN,moderna,2021-07-15
2021-06-10,NA,1,1875,IPPAN,moderna,2021-07-15
2021-06-09,NA,1,1757,IPPAN,moderna,2021-07-15
2021-06-08,NA,1,1766,IPPAN,moderna,2021-07-15
2021-06-07,NA,1,1759,IPPAN,moderna,2021-07-15
2021-06-06,NA,1,1367,IPPAN,moderna,2021-07-15
2021-06-05,NA,1,1609,IPPAN,moderna,2021-07-15
2021-06-04,NA,1,1502,IPPAN,moderna,2021-07-15
2021-06-03,NA,1,1259,IPPAN,moderna,2021-07-15
2021-06-02,NA,1,1254,IPPAN,moderna,2021-07-15
2021-06-01,NA,1,1160,IPPAN,moderna,2021-07-15
2021-05-31,NA,1,1232,IPPAN,moderna,2021-07-15
2021-05-30,NA,1,895,IPPAN,moderna,2021-07-15
2021-05-29,NA,1,949,IPPAN,moderna,2021-07-15
2021-05-28,NA,1,853,IPPAN,moderna,2021-07-15
2021-05-27,NA,1,694,IPPAN,moderna,2021-07-15
2021-05-26,NA,1,743,IPPAN,moderna,2021-07-15
2021-05-25,NA,1,524,IPPAN,moderna,2021-07-15
2021-05-24,NA,1,549,IPPAN,moderna,2021-07-15
2021-05-23,NA,1,0,IPPAN,moderna,2021-07-15
2021-05-22,NA,1,0,IPPAN,moderna,2021-07-15
2021-05-21,NA,1,0,IPPAN,moderna,2021-07-15
2021-05-20,NA,1,0,IPPAN,moderna,2021-07-15
2021-05-19,NA,1,0,IPPAN,moderna,2021-07-15
2021-05-18,NA,1,0,IPPAN,moderna,2021-07-15
2021-05-17,NA,1,0,IPPAN,moderna,2021-07-15
2021-05-16,NA,1,0,IPPAN,moderna,2021-07-15
2021-05-15,NA,1,0,IPPAN,moderna,2021-07-15
2021-05-14,NA,1,0,IPPAN,moderna,2021-07-15
2021-05-13,NA,1,0,IPPAN,moderna,2021-07-15
2021-05-12,NA,1,0,IPPAN,moderna,2021-07-15
2021-05-11,NA,1,0,IPPAN,moderna,2021-07-15
2021-05-10,NA,1,0,IPPAN,moderna,2021-07-15
2021-05-09,NA,1,0,IPPAN,moderna,2021-07-15
2021-05-08,NA,1,0,IPPAN,moderna,2021-07-15
2021-05-07,NA,1,0,IPPAN,moderna,2021-07-15
2021-05-06,NA,1,0,IPPAN,moderna,2021-07-15
2021-05-05,NA,1,0,IPPAN,moderna,2021-07-15
2021-05-04,NA,1,0,IPPAN,moderna,2021-07-15
2021-05-03,NA,1,0,IPPAN,moderna,2021-07-15
2021-05-02,NA,1,0,IPPAN,moderna,2021-07-15
2021-05-01,NA,1,0,IPPAN,moderna,2021-07-15
2021-04-30,NA,1,0,IPPAN,moderna,2021-07-15
2021-04-29,NA,1,0,IPPAN,moderna,2021-07-15
2021-04-28,NA,1,0,IPPAN,moderna,2021-07-15
2021-04-27,NA,1,0,IPPAN,moderna,2021-07-15
2021-04-26,NA,1,0,IPPAN,moderna,2021-07-15
2021-04-25,NA,1,0,IPPAN,moderna,2021-07-15
2021-04-24,NA,1,0,IPPAN,moderna,2021-07-15
2021-04-23,NA,1,0,IPPAN,moderna,2021-07-15
2021-04-22,NA,1,0,IPPAN,moderna,2021-07-15
2021-04-21,NA,1,0,IPPAN,moderna,2021-07-15
2021-04-20,NA,1,0,IPPAN,moderna,2021-07-15
2021-04-19,NA,1,0,IPPAN,moderna,2021-07-15
2021-04-18,NA,1,0,IPPAN,moderna,2021-07-15
2021-04-17,NA,1,0,IPPAN,moderna,2021-07-15
2021-04-16,NA,1,0,IPPAN,moderna,2021-07-15
2021-04-15,NA,1,0,IPPAN,moderna,2021-07-15
2021-04-14,NA,1,0,IPPAN,moderna,2021-07-15
2021-04-13,NA,1,0,IPPAN,moderna,2021-07-15
2021-04-12,NA,1,0,IPPAN,moderna,2021-07-15
2021-07-14,NA,2,31930,IPPAN,pfizer,2021-07-15
2021-07-13,NA,2,38911,IPPAN,pfizer,2021-07-15
2021-07-12,NA,2,36058,IPPAN,pfizer,2021-07-15
2021-07-11,NA,2,48487,IPPAN,pfizer,2021-07-15
2021-07-10,NA,2,41201,IPPAN,pfizer,2021-07-15
2021-07-09,NA,2,32007,IPPAN,pfizer,2021-07-15
2021-07-08,NA,2,27449,IPPAN,pfizer,2021-07-15
2021-07-07,NA,2,26699,IPPAN,pfizer,2021-07-15
2021-07-06,NA,2,24194,IPPAN,pfizer,2021-07-15
2021-07-05,NA,2,21506,IPPAN,pfizer,2021-07-15
2021-07-04,NA,2,25677,IPPAN,pfizer,2021-07-15
2021-07-03,NA,2,26322,IPPAN,pfizer,2021-07-15
2021-07-02,NA,2,23937,IPPAN,pfizer,2021-07-15
2021-07-01,NA,2,20092,IPPAN,pfizer,2021-07-15
2021-06-30,NA,2,22749,IPPAN,pfizer,2021-07-15
2021-06-29,NA,2,20572,IPPAN,pfizer,2021-07-15
2021-06-28,NA,2,17791,IPPAN,pfizer,2021-07-15
2021-06-27,NA,2,18755,IPPAN,pfizer,2021-07-15
2021-06-26,NA,2,19486,IPPAN,pfizer,2021-07-15
2021-06-25,NA,2,21488,IPPAN,pfizer,2021-07-15
2021-06-24,NA,2,17262,IPPAN,pfizer,2021-07-15
2021-06-23,NA,2,16765,IPPAN,pfizer,2021-07-15
2021-06-22,NA,2,15086,IPPAN,pfizer,2021-07-15
2021-06-21,NA,2,12640,IPPAN,pfizer,2021-07-15
2021-06-20,NA,2,11773,IPPAN,pfizer,2021-07-15
2021-06-19,NA,2,12700,IPPAN,pfizer,2021-07-15
2021-06-18,NA,2,14560,IPPAN,pfizer,2021-07-15
2021-06-17,NA,2,14024,IPPAN,pfizer,2021-07-15
2021-06-16,NA,2,13915,IPPAN,pfizer,2021-07-15
2021-06-15,NA,2,12941,IPPAN,pfizer,2021-07-15
2021-06-14,NA,2,10520,IPPAN,pfizer,2021-07-15
2021-06-13,NA,2,8846,IPPAN,pfizer,2021-07-15
2021-06-12,NA,2,9009,IPPAN,pfizer,2021-07-15
2021-06-11,NA,2,9281,IPPAN,pfizer,2021-07-15
2021-06-10,NA,2,9754,IPPAN,pfizer,2021-07-15
2021-06-09,NA,2,9363,IPPAN,pfizer,2021-07-15
2021-06-08,NA,2,7742,IPPAN,pfizer,2021-07-15
2021-06-07,NA,2,6646,IPPAN,pfizer,2021-07-15
2021-06-06,NA,2,4793,IPPAN,pfizer,2021-07-15
2021-06-05,NA,2,5683,IPPAN,pfizer,2021-07-15
2021-06-04,NA,2,6798,IPPAN,pfizer,2021-07-15
2021-06-03,NA,2,6569,IPPAN,pfizer,2021-07-15
2021-06-02,NA,2,6825,IPPAN,pfizer,2021-07-15
2021-06-01,NA,2,6333,IPPAN,pfizer,2021-07-15
2021-05-31,NA,2,11583,IPPAN,pfizer,2021-07-15
2021-05-30,NA,2,4607,IPPAN,pfizer,2021-07-15
2021-05-29,NA,2,8002,IPPAN,pfizer,2021-07-15
2021-05-28,NA,2,9416,IPPAN,pfizer,2021-07-15
2021-05-27,NA,2,8322,IPPAN,pfizer,2021-07-15
2021-05-26,NA,2,2170,IPPAN,pfizer,2021-07-15
2021-05-25,NA,2,2306,IPPAN,pfizer,2021-07-15
2021-05-24,NA,2,2123,IPPAN,pfizer,2021-07-15
2021-05-23,NA,2,2286,IPPAN,pfizer,2021-07-15
2021-05-22,NA,2,14047,IPPAN,pfizer,2021-07-15
2021-05-21,NA,2,19610,IPPAN,pfizer,2021-07-15
2021-05-20,NA,2,8139,IPPAN,pfizer,2021-07-15
2021-05-19,NA,2,22442,IPPAN,pfizer,2021-07-15
2021-05-18,NA,2,19362,IPPAN,pfizer,2021-07-15
2021-05-17,NA,2,15851,IPPAN,pfizer,2021-07-15
2021-05-16,NA,2,4279,IPPAN,pfizer,2021-07-15
2021-05-15,NA,2,11859,IPPAN,pfizer,2021-07-15
2021-05-14,NA,2,17482,IPPAN,pfizer,2021-07-15
2021-05-13,NA,2,16042,IPPAN,pfizer,2021-07-15
2021-05-12,NA,2,15816,IPPAN,pfizer,2021-07-15
2021-05-11,NA,2,13353,IPPAN,pfizer,2021-07-15
2021-05-10,NA,2,8956,IPPAN,pfizer,2021-07-15
2021-05-09,NA,2,1455,IPPAN,pfizer,2021-07-15
2021-05-08,NA,2,2751,IPPAN,pfizer,2021-07-15
2021-05-07,NA,2,3852,IPPAN,pfizer,2021-07-15
2021-05-06,NA,2,2632,IPPAN,pfizer,2021-07-15
2021-05-05,NA,2,137,IPPAN,pfizer,2021-07-15
2021-05-04,NA,2,244,IPPAN,pfizer,2021-07-15
2021-05-03,NA,2,47,IPPAN,pfizer,2021-07-15
2021-05-02,NA,2,0,IPPAN,pfizer,2021-07-15
2021-05-01,NA,2,0,IPPAN,pfizer,2021-07-15
2021-04-30,NA,2,0,IPPAN,pfizer,2021-07-15
2021-04-29,NA,2,0,IPPAN,pfizer,2021-07-15
2021-04-28,NA,2,0,IPPAN,pfizer,2021-07-15
2021-04-27,NA,2,0,IPPAN,pfizer,2021-07-15
2021-04-26,NA,2,0,IPPAN,pfizer,2021-07-15
2021-04-25,NA,2,0,IPPAN,pfizer,2021-07-15
2021-04-24,NA,2,0,IPPAN,pfizer,2021-07-15
2021-04-23,NA,2,0,IPPAN,pfizer,2021-07-15
2021-04-22,NA,2,0,IPPAN,pfizer,2021-07-15
2021-04-21,NA,2,0,IPPAN,pfizer,2021-07-15
2021-04-20,NA,2,0,IPPAN,pfizer,2021-07-15
2021-04-19,NA,2,0,IPPAN,pfizer,2021-07-15
2021-04-18,NA,2,0,IPPAN,pfizer,2021-07-15
2021-04-17,NA,2,0,IPPAN,pfizer,2021-07-15
2021-04-16,NA,2,0,IPPAN,pfizer,2021-07-15
2021-04-15,NA,2,0,IPPAN,pfizer,2021-07-15
2021-04-14,NA,2,0,IPPAN,pfizer,2021-07-15
2021-04-13,NA,2,0,IPPAN,pfizer,2021-07-15
2021-04-12,NA,2,0,IPPAN,pfizer,2021-07-15
2021-07-14,NA,2,3658,IPPAN,moderna,2021-07-15
2021-07-13,NA,2,2859,IPPAN,moderna,2021-07-15
2021-07-12,NA,2,2800,IPPAN,moderna,2021-07-15
2021-07-11,NA,2,2583,IPPAN,moderna,2021-07-15
2021-07-10,NA,2,2379,IPPAN,moderna,2021-07-15
2021-07-09,NA,2,1713,IPPAN,moderna,2021-07-15
2021-07-08,NA,2,1600,IPPAN,moderna,2021-07-15
2021-07-07,NA,2,1578,IPPAN,moderna,2021-07-15
2021-07-06,NA,2,1622,IPPAN,moderna,2021-07-15
2021-07-05,NA,2,1698,IPPAN,moderna,2021-07-15
2021-07-04,NA,2,1133,IPPAN,moderna,2021-07-15
2021-07-03,NA,2,1326,IPPAN,moderna,2021-07-15
2021-07-02,NA,2,1281,IPPAN,moderna,2021-07-15
2021-07-01,NA,2,1236,IPPAN,moderna,2021-07-15
2021-06-30,NA,2,1079,IPPAN,moderna,2021-07-15
2021-06-29,NA,2,1138,IPPAN,moderna,2021-07-15
2021-06-28,NA,2,1087,IPPAN,moderna,2021-07-15
2021-06-27,NA,2,256,IPPAN,moderna,2021-07-15
2021-06-26,NA,2,254,IPPAN,moderna,2021-07-15
2021-06-25,NA,2,189,IPPAN,moderna,2021-07-15
2021-06-24,NA,2,144,IPPAN,moderna,2021-07-15
2021-06-23,NA,2,196,IPPAN,moderna,2021-07-15
2021-06-22,NA,2,145,IPPAN,moderna,2021-07-15
2021-06-21,NA,2,129,IPPAN,moderna,2021-07-15
2021-06-20,NA,2,0,IPPAN,moderna,2021-07-15
2021-06-19,NA,2,0,IPPAN,moderna,2021-07-15
2021-06-18,NA,2,0,IPPAN,moderna,2021-07-15
2021-06-17,NA,2,0,IPPAN,moderna,2021-07-15
2021-06-16,NA,2,0,IPPAN,moderna,2021-07-15
2021-06-15,NA,2,0,IPPAN,moderna,2021-07-15
2021-06-14,NA,2,0,IPPAN,moderna,2021-07-15
2021-06-13,NA,2,0,IPPAN,moderna,2021-07-15
2021-06-12,NA,2,0,IPPAN,moderna,2021-07-15
2021-06-11,NA,2,0,IPPAN,moderna,2021-07-15
2021-06-10,NA,2,0,IPPAN,moderna,2021-07-15
2021-06-09,NA,2,0,IPPAN,moderna,2021-07-15
2021-06-08,NA,2,0,IPPAN,moderna,2021-07-15
2021-06-07,NA,2,0,IPPAN,moderna,2021-07-15
2021-06-06,NA,2,0,IPPAN,moderna,2021-07-15
2021-06-05,NA,2,0,IPPAN,moderna,2021-07-15
2021-06-04,NA,2,0,IPPAN,moderna,2021-07-15
2021-06-03,NA,2,0,IPPAN,moderna,2021-07-15
2021-06-02,NA,2,0,IPPAN,moderna,2021-07-15
2021-06-01,NA,2,0,IPPAN,moderna,2021-07-15
2021-05-31,NA,2,0,IPPAN,moderna,2021-07-15
2021-05-30,NA,2,0,IPPAN,moderna,2021-07-15
2021-05-29,NA,2,0,IPPAN,moderna,2021-07-15
2021-05-28,NA,2,0,IPPAN,moderna,2021-07-15
2021-05-27,NA,2,0,IPPAN,moderna,2021-07-15
2021-05-26,NA,2,0,IPPAN,moderna,2021-07-15
2021-05-25,NA,2,0,IPPAN,moderna,2021-07-15
2021-05-24,NA,2,0,IPPAN,moderna,2021-07-15
2021-05-23,NA,2,0,IPPAN,moderna,2021-07-15
2021-05-22,NA,2,0,IPPAN,moderna,2021-07-15
2021-05-21,NA,2,0,IPPAN,moderna,2021-07-15
2021-05-20,NA,2,0,IPPAN,moderna,2021-07-15
2021-05-19,NA,2,0,IPPAN,moderna,2021-07-15
2021-05-18,NA,2,0,IPPAN,moderna,2021-07-15
2021-05-17,NA,2,0,IPPAN,moderna,2021-07-15
2021-05-16,NA,2,0,IPPAN,moderna,2021-07-15
2021-05-15,NA,2,0,IPPAN,moderna,2021-07-15
2021-05-14,NA,2,0,IPPAN,moderna,2021-07-15
2021-05-13,NA,2,0,IPPAN,moderna,2021-07-15
2021-05-12,NA,2,0,IPPAN,moderna,2021-07-15
2021-05-11,NA,2,0,IPPAN,moderna,2021-07-15
2021-05-10,NA,2,0,IPPAN,moderna,2021-07-15
2021-05-09,NA,2,0,IPPAN,moderna,2021-07-15
2021-05-08,NA,2,0,IPPAN,moderna,2021-07-15
2021-05-07,NA,2,0,IPPAN,moderna,2021-07-15
2021-05-06,NA,2,0,IPPAN,moderna,2021-07-15
2021-05-05,NA,2,0,IPPAN,moderna,2021-07-15
2021-05-04,NA,2,0,IPPAN,moderna,2021-07-15
2021-05-03,NA,2,0,IPPAN,moderna,2021-07-15
2021-05-02,NA,2,0,IPPAN,moderna,2021-07-15
2021-05-01,NA,2,0,IPPAN,moderna,2021-07-15
2021-04-30,NA,2,0,IPPAN,moderna,2021-07-15
2021-04-29,NA,2,0,IPPAN,moderna,2021-07-15
2021-04-28,NA,2,0,IPPAN,moderna,2021-07-15
2021-04-27,NA,2,0,IPPAN,moderna,2021-07-15
2021-04-26,NA,2,0,IPPAN,moderna,2021-07-15
2021-04-25,NA,2,0,IPPAN,moderna,2021-07-15
2021-04-24,NA,2,0,IPPAN,moderna,2021-07-15
2021-04-23,NA,2,0,IPPAN,moderna,2021-07-15
2021-04-22,NA,2,0,IPPAN,moderna,2021-07-15
2021-04-21,NA,2,0,IPPAN,moderna,2021-07-15
2021-04-20,NA,2,0,IPPAN,moderna,2021-07-15
2021-04-19,NA,2,0,IPPAN,moderna,2021-07-15
2021-04-18,NA,2,0,IPPAN,moderna,2021-07-15
2021-04-17,NA,2,0,IPPAN,moderna,2021-07-15
2021-04-16,NA,2,0,IPPAN,moderna,2021-07-15
2021-04-15,NA,2,0,IPPAN,moderna,2021-07-15
2021-04-14,NA,2,0,IPPAN,moderna,2021-07-15
2021-04-13,NA,2,0,IPPAN,moderna,2021-07-15
2021-04-12,NA,2,0,IPPAN,moderna,2021-07-15
