iso,fullken,total,first,second,date,tier,date.scrape,shipped,used.percent
JP-01,北海道,1004,1004,0,2021-04-25,KOREI,2021-04-28,NA,NA
JP-01,北海道,4277,4277,0,2021-05-05,KOREI,2021-05-06,NA,NA
JP-01,北海道,7861,7819,42,2021-05-09,KOREI,2021-05-10,NA,NA
JP-01,北海道,28860,27725,1135,2021-05-16,KOREI,2021-05-17,NA,NA
JP-01,北海道,77032,73824,3208,2021-05-23,KOREI,2021-05-24,NA,NA
JP-01,北海道,115865,72190,43675,2021-04-23,IRYO,2021-04-28,NA,NA
JP-01,北海道,146108,95871,50237,2021-04-30,IRYO,2021-05-06,NA,NA
JP-01,北海道,159772,153300,6472,2021-05-30,KOREI,2021-05-31,NA,NA
JP-01,北海道,164622,110357,54265,2021-05-07,IRYO,2021-05-10,NA,NA
JP-01,北海道,209822,140506,69316,2021-05-14,IRYO,2021-05-17,NA,NA
JP-01,北海道,266698,174981,91717,2021-05-21,IRYO,2021-05-24,NA,NA
JP-01,北海道,298934,269897,29037,2021-06-06,KOREI,2021-06-07,NA,NA
JP-01,北海道,313254,206716,106538,2021-05-28,IRYO,2021-05-31,NA,NA
JP-01,北海道,364565,230646,133919,2021-06-04,IRYO,2021-06-07,NA,NA
JP-01,北海道,420618,250086,170532,2021-06-11,IRYO,2021-06-14,NA,NA
JP-01,北海道,479104,271936,207168,2021-06-18,IRYO,2021-06-21,NA,NA
JP-01,北海道,511938,434141,77797,2021-06-13,KOREI,2021-06-14,NA,NA
JP-01,北海道,518444,288261,230183,2021-06-25,IRYO,2021-06-28,NA,NA
JP-01,北海道,548235,300156,248079,2021-07-02,IRYO,2021-07-05,NA,NA
JP-01,北海道,580306,314908,265398,2021-07-12,IRYO,2021-07-13,NA,NA
JP-01,北海道,600054,322374,277680,2021-07-19,IRYO,2021-07-19,NA,NA
JP-01,北海道,741092,576244,164848,2021-06-20,KOREI,2021-06-21,NA,NA
JP-01,北海道,760067,587673,172394,2021-06-21,IPPAN,2021-06-27,NA,NA
JP-01,北海道,1051332,764957,286375,2021-06-27,IPPAN,2021-06-28,NA,NA
JP-01,北海道,1345078,934722,410356,2021-07-04,IPPAN,2021-07-05,NA,NA
JP-01,北海道,1938252,1287985,650267,2021-07-12,IPPAN,2021-07-13,NA,NA
JP-01,北海道,2327904,1493346,834558,2021-07-19,IPPAN,2021-07-19,4270430,0.545121685638214
JP-02,青森県,2211,2211,0,2021-04-25,KOREI,2021-04-28,NA,NA
JP-02,青森県,4345,4345,0,2021-05-05,KOREI,2021-05-06,NA,NA
JP-02,青森県,6025,5813,212,2021-05-09,KOREI,2021-05-10,NA,NA
JP-02,青森県,16303,14667,1636,2021-05-16,KOREI,2021-05-17,NA,NA
JP-02,青森県,28342,18443,9899,2021-04-23,IRYO,2021-04-28,NA,NA
JP-02,青森県,35397,31860,3537,2021-05-23,KOREI,2021-05-24,NA,NA
JP-02,青森県,38446,26937,11509,2021-04-30,IRYO,2021-05-06,NA,NA
JP-02,青森県,43071,30210,12861,2021-05-07,IRYO,2021-05-10,NA,NA
JP-02,青森県,51928,34493,17435,2021-05-14,IRYO,2021-05-17,NA,NA
JP-02,青森県,66790,40638,26152,2021-05-21,IRYO,2021-05-24,NA,NA
JP-02,青森県,71899,65360,6539,2021-05-30,KOREI,2021-05-31,NA,NA
JP-02,青森県,76307,47256,29051,2021-05-28,IRYO,2021-05-31,NA,NA
JP-02,青森県,86880,52994,33886,2021-06-04,IRYO,2021-06-07,NA,NA
JP-02,青森県,93434,54745,38689,2021-06-11,IRYO,2021-06-14,NA,NA
JP-02,青森県,102613,57799,44814,2021-06-18,IRYO,2021-06-21,NA,NA
JP-02,青森県,109811,60309,49502,2021-06-25,IRYO,2021-06-28,NA,NA
JP-02,青森県,112266,98633,13633,2021-06-06,KOREI,2021-06-07,NA,NA
JP-02,青森県,114688,62375,52313,2021-07-02,IRYO,2021-07-05,NA,NA
JP-02,青森県,119037,64273,54764,2021-07-12,IRYO,2021-07-13,NA,NA
JP-02,青森県,125082,66819,58263,2021-07-19,IRYO,2021-07-19,NA,NA
JP-02,青森県,173630,139989,33641,2021-06-13,KOREI,2021-06-14,NA,NA
JP-02,青森県,243593,174320,69273,2021-06-20,KOREI,2021-06-21,NA,NA
JP-02,青森県,255035,179645,75390,2021-06-21,IPPAN,2021-06-27,NA,NA
JP-02,青森県,332163,223178,108985,2021-06-27,IPPAN,2021-06-28,NA,NA
JP-02,青森県,412964,265196,147768,2021-07-04,IPPAN,2021-07-05,NA,NA
JP-02,青森県,516586,331928,184658,2021-07-12,IPPAN,2021-07-13,NA,NA
JP-02,青森県,630823,401249,229574,2021-07-19,IPPAN,2021-07-19,1105565,0.570588793965077
JP-03,岩手県,1992,1992,0,2021-04-25,KOREI,2021-04-28,NA,NA
JP-03,岩手県,4906,4906,0,2021-05-05,KOREI,2021-05-06,NA,NA
JP-03,岩手県,6690,6384,306,2021-05-09,KOREI,2021-05-10,NA,NA
JP-03,岩手県,15658,13749,1909,2021-05-16,KOREI,2021-05-17,NA,NA
JP-03,岩手県,31075,21793,9282,2021-04-23,IRYO,2021-04-28,NA,NA
JP-03,岩手県,31730,27629,4101,2021-05-23,KOREI,2021-05-24,NA,NA
JP-03,岩手県,40626,30022,10604,2021-04-30,IRYO,2021-05-06,NA,NA
JP-03,岩手県,49643,37849,11794,2021-05-07,IRYO,2021-05-10,NA,NA
JP-03,岩手県,57270,51143,6127,2021-05-30,KOREI,2021-05-31,NA,NA
JP-03,岩手県,62669,42443,20226,2021-05-14,IRYO,2021-05-17,NA,NA
JP-03,岩手県,77013,46590,30423,2021-05-21,IRYO,2021-05-24,NA,NA
JP-03,岩手県,88131,50604,37527,2021-05-28,IRYO,2021-05-31,NA,NA
JP-03,岩手県,94839,52630,42209,2021-06-04,IRYO,2021-06-07,NA,NA
JP-03,岩手県,99318,84545,14773,2021-06-06,KOREI,2021-06-07,NA,NA
JP-03,岩手県,102026,55915,46111,2021-06-11,IRYO,2021-06-14,NA,NA
JP-03,岩手県,109732,60241,49491,2021-06-18,IRYO,2021-06-21,NA,NA
JP-03,岩手県,116700,63542,53158,2021-06-25,IRYO,2021-06-28,NA,NA
JP-03,岩手県,122207,65515,56692,2021-07-02,IRYO,2021-07-05,NA,NA
JP-03,岩手県,129006,69608,59398,2021-07-12,IRYO,2021-07-13,NA,NA
JP-03,岩手県,132559,71386,61173,2021-07-19,IRYO,2021-07-19,NA,NA
JP-03,岩手県,148816,119281,29535,2021-06-13,KOREI,2021-06-14,NA,NA
JP-03,岩手県,215908,162635,53273,2021-06-20,KOREI,2021-06-21,NA,NA
JP-03,岩手県,227233,169276,57957,2021-06-21,IPPAN,2021-06-27,NA,NA
JP-03,岩手県,289755,206999,82756,2021-06-27,IPPAN,2021-06-28,NA,NA
JP-03,岩手県,372618,250314,122304,2021-07-04,IPPAN,2021-07-05,NA,NA
JP-03,岩手県,481933,314825,167108,2021-07-12,IPPAN,2021-07-13,NA,NA
JP-03,岩手県,563119,354840,208279,2021-07-19,IPPAN,2021-07-19,999275,0.563527557479172
JP-04,宮城県,458,458,0,2021-04-25,KOREI,2021-04-28,NA,NA
JP-04,宮城県,2934,2934,0,2021-05-05,KOREI,2021-05-06,NA,NA
JP-04,宮城県,4726,4714,12,2021-05-09,KOREI,2021-05-10,NA,NA
JP-04,宮城県,16459,16203,256,2021-05-16,KOREI,2021-05-17,NA,NA
JP-04,宮城県,34682,32084,2598,2021-05-23,KOREI,2021-05-24,NA,NA
JP-04,宮城県,49963,33082,16881,2021-04-23,IRYO,2021-04-28,NA,NA
JP-04,宮城県,67146,48260,18886,2021-04-30,IRYO,2021-05-06,NA,NA
JP-04,宮城県,74061,54120,19941,2021-05-07,IRYO,2021-05-10,NA,NA
JP-04,宮城県,85942,80549,5393,2021-05-30,KOREI,2021-05-31,NA,NA
JP-04,宮城県,93823,64322,29501,2021-05-14,IRYO,2021-05-17,NA,NA
JP-04,宮城県,120307,75248,45059,2021-05-21,IRYO,2021-05-24,NA,NA
JP-04,宮城県,135983,83554,52429,2021-05-28,IRYO,2021-05-31,NA,NA
JP-04,宮城県,146035,132306,13729,2021-06-06,KOREI,2021-06-07,NA,NA
JP-04,宮城県,154836,91100,63736,2021-06-04,IRYO,2021-06-07,NA,NA
JP-04,宮城県,176812,102204,74608,2021-06-11,IRYO,2021-06-14,NA,NA
JP-04,宮城県,199272,118341,80931,2021-06-18,IRYO,2021-06-21,NA,NA
JP-04,宮城県,214775,191552,23223,2021-06-13,KOREI,2021-06-14,NA,NA
JP-04,宮城県,219448,131598,87850,2021-06-25,IRYO,2021-06-28,NA,NA
JP-04,宮城県,229136,135464,93672,2021-07-02,IRYO,2021-07-05,NA,NA
JP-04,宮城県,247475,141687,105788,2021-07-12,IRYO,2021-07-13,NA,NA
JP-04,宮城県,262923,145638,117285,2021-07-19,IRYO,2021-07-19,NA,NA
JP-04,宮城県,323627,273136,50491,2021-06-20,KOREI,2021-06-21,NA,NA
JP-04,宮城県,352966,296996,55970,2021-06-21,IPPAN,2021-06-27,NA,NA
JP-04,宮城県,496172,386620,109552,2021-06-27,IPPAN,2021-06-28,NA,NA
JP-04,宮城県,679217,457359,221858,2021-07-04,IPPAN,2021-07-05,NA,NA
JP-04,宮城県,868285,546378,321907,2021-07-12,IPPAN,2021-07-13,NA,NA
JP-04,宮城県,1080505,650033,430472,2021-07-19,IPPAN,2021-07-19,1871395,0.5773794415396
JP-05,秋田県,1889,1889,0,2021-04-25,KOREI,2021-04-28,NA,NA
JP-05,秋田県,5227,5227,0,2021-05-05,KOREI,2021-05-06,NA,NA
JP-05,秋田県,7585,7487,98,2021-05-09,KOREI,2021-05-10,NA,NA
JP-05,秋田県,19622,18229,1393,2021-05-16,KOREI,2021-05-17,NA,NA
JP-05,秋田県,26504,18213,8291,2021-04-23,IRYO,2021-04-28,NA,NA
JP-05,秋田県,34690,23819,10871,2021-04-30,IRYO,2021-05-06,NA,NA
JP-05,秋田県,36793,24963,11830,2021-05-07,IRYO,2021-05-10,NA,NA
JP-05,秋田県,39375,35151,4224,2021-05-23,KOREI,2021-05-24,NA,NA
JP-05,秋田県,45381,27721,17660,2021-05-14,IRYO,2021-05-17,NA,NA
JP-05,秋田県,55608,31983,23625,2021-05-21,IRYO,2021-05-24,NA,NA
JP-05,秋田県,61725,37115,24610,2021-05-28,IRYO,2021-05-31,NA,NA
JP-05,秋田県,64102,56878,7224,2021-05-30,KOREI,2021-05-31,NA,NA
JP-05,秋田県,69039,40879,28160,2021-06-04,IRYO,2021-06-07,NA,NA
JP-05,秋田県,76218,43880,32338,2021-06-11,IRYO,2021-06-14,NA,NA
JP-05,秋田県,81820,45599,36221,2021-06-18,IRYO,2021-06-21,NA,NA
JP-05,秋田県,88972,49178,39794,2021-06-25,IRYO,2021-06-28,NA,NA
JP-05,秋田県,92381,51758,40623,2021-07-02,IRYO,2021-07-05,NA,NA
JP-05,秋田県,93447,74642,18805,2021-06-06,KOREI,2021-06-07,NA,NA
JP-05,秋田県,98621,54610,44011,2021-07-12,IRYO,2021-07-13,NA,NA
JP-05,秋田県,104130,56343,47787,2021-07-19,IRYO,2021-07-19,NA,NA
JP-05,秋田県,129826,92614,37212,2021-06-13,KOREI,2021-06-14,NA,NA
JP-05,秋田県,187068,127423,59645,2021-06-20,KOREI,2021-06-21,NA,NA
JP-05,秋田県,195971,134495,61476,2021-06-21,IPPAN,2021-06-27,NA,NA
JP-05,秋田県,261219,185619,75600,2021-06-27,IPPAN,2021-06-28,NA,NA
JP-05,秋田県,346071,252413,93658,2021-07-04,IPPAN,2021-07-05,NA,NA
JP-05,秋田県,451044,322854,128190,2021-07-12,IPPAN,2021-07-13,NA,NA
JP-05,秋田県,535420,346358,189062,2021-07-19,IPPAN,2021-07-19,856575,0.625070776055804
JP-06,山形県,2262,2262,0,2021-04-25,KOREI,2021-04-28,NA,NA
JP-06,山形県,7509,7509,0,2021-05-05,KOREI,2021-05-06,NA,NA
JP-06,山形県,12334,11957,377,2021-05-09,KOREI,2021-05-10,NA,NA
JP-06,山形県,22881,20408,2473,2021-05-16,KOREI,2021-05-17,NA,NA
JP-06,山形県,27064,17544,9520,2021-04-23,IRYO,2021-04-28,NA,NA
JP-06,山形県,37972,26320,11652,2021-04-30,IRYO,2021-05-06,NA,NA
JP-06,山形県,42135,36204,5931,2021-05-23,KOREI,2021-05-24,NA,NA
JP-06,山形県,43627,30693,12934,2021-05-07,IRYO,2021-05-10,NA,NA
JP-06,山形県,51586,34560,17026,2021-05-14,IRYO,2021-05-17,NA,NA
JP-06,山形県,63341,38741,24600,2021-05-21,IRYO,2021-05-24,NA,NA
JP-06,山形県,76158,44796,31362,2021-05-28,IRYO,2021-05-31,NA,NA
JP-06,山形県,76427,64859,11568,2021-05-30,KOREI,2021-05-31,NA,NA
JP-06,山形県,84845,48395,36450,2021-06-04,IRYO,2021-06-07,NA,NA
JP-06,山形県,90972,50547,40425,2021-06-11,IRYO,2021-06-14,NA,NA
JP-06,山形県,95581,52480,43101,2021-06-18,IRYO,2021-06-21,NA,NA
JP-06,山形県,100127,53942,46185,2021-06-25,IRYO,2021-06-28,NA,NA
JP-06,山形県,103399,55104,48295,2021-07-02,IRYO,2021-07-05,NA,NA
JP-06,山形県,108354,57616,50738,2021-07-12,IRYO,2021-07-13,NA,NA
JP-06,山形県,110660,58503,52157,2021-07-19,IRYO,2021-07-19,NA,NA
JP-06,山形県,126032,104738,21294,2021-06-06,KOREI,2021-06-07,NA,NA
JP-06,山形県,191839,154847,36992,2021-06-13,KOREI,2021-06-14,NA,NA
JP-06,山形県,270656,206495,64161,2021-06-20,KOREI,2021-06-21,NA,NA
JP-06,山形県,288982,218575,70407,2021-06-21,IPPAN,2021-06-27,NA,NA
JP-06,山形県,393586,272970,120616,2021-06-27,IPPAN,2021-06-28,NA,NA
JP-06,山形県,481673,314683,166990,2021-07-04,IPPAN,2021-07-05,NA,NA
JP-06,山形県,581923,358299,223624,2021-07-12,IPPAN,2021-07-13,NA,NA
JP-06,山形県,680465,407853,272612,2021-07-19,IPPAN,2021-07-19,966215,0.704258368996548
JP-07,福島県,2007,2007,0,2021-04-25,KOREI,2021-04-28,NA,NA
JP-07,福島県,5365,5365,0,2021-05-05,KOREI,2021-05-06,NA,NA
JP-07,福島県,10227,10136,91,2021-05-09,KOREI,2021-05-10,NA,NA
JP-07,福島県,22831,22023,808,2021-05-16,KOREI,2021-05-17,NA,NA
JP-07,福島県,38028,24287,13741,2021-04-23,IRYO,2021-04-28,NA,NA
JP-07,福島県,50468,47289,3179,2021-05-23,KOREI,2021-05-24,NA,NA
JP-07,福島県,55617,38649,16968,2021-04-30,IRYO,2021-05-06,NA,NA
JP-07,福島県,64642,46232,18410,2021-05-07,IRYO,2021-05-10,NA,NA
JP-07,福島県,79585,56155,23430,2021-05-14,IRYO,2021-05-17,NA,NA
JP-07,福島県,98596,62448,36148,2021-05-21,IRYO,2021-05-24,NA,NA
JP-07,福島県,116110,69717,46393,2021-05-28,IRYO,2021-05-31,NA,NA
JP-07,福島県,117741,107461,10280,2021-05-30,KOREI,2021-05-31,NA,NA
JP-07,福島県,135974,77667,58307,2021-06-04,IRYO,2021-06-07,NA,NA
JP-07,福島県,151195,84704,66491,2021-06-11,IRYO,2021-06-14,NA,NA
JP-07,福島県,159561,88224,71337,2021-06-18,IRYO,2021-06-21,NA,NA
JP-07,福島県,168401,93105,75296,2021-06-25,IRYO,2021-06-28,NA,NA
JP-07,福島県,179159,96477,82682,2021-07-02,IRYO,2021-07-05,NA,NA
JP-07,福島県,187384,99621,87763,2021-07-12,IRYO,2021-07-13,NA,NA
JP-07,福島県,195270,172266,23004,2021-06-06,KOREI,2021-06-07,NA,NA
JP-07,福島県,196067,103523,92544,2021-07-19,IRYO,2021-07-19,NA,NA
JP-07,福島県,300951,250915,50036,2021-06-13,KOREI,2021-06-14,NA,NA
JP-07,福島県,431093,319741,111352,2021-06-20,KOREI,2021-06-21,NA,NA
JP-07,福島県,453257,330446,122811,2021-06-21,IPPAN,2021-06-27,NA,NA
JP-07,福島県,549803,380807,168996,2021-06-27,IPPAN,2021-06-28,NA,NA
JP-07,福島県,677914,440032,237882,2021-07-04,IPPAN,2021-07-05,NA,NA
JP-07,福島県,829505,521174,308331,2021-07-12,IPPAN,2021-07-13,NA,NA
JP-07,福島県,961113,585021,376092,2021-07-19,IPPAN,2021-07-19,1596200,0.602125673474502
JP-08,茨城県,289,289,0,2021-04-25,KOREI,2021-04-28,NA,NA
JP-08,茨城県,3146,3146,0,2021-05-05,KOREI,2021-05-06,NA,NA
JP-08,茨城県,6177,6134,43,2021-05-09,KOREI,2021-05-10,NA,NA
JP-08,茨城県,18825,18547,278,2021-05-16,KOREI,2021-05-17,NA,NA
JP-08,茨城県,40594,39534,1060,2021-05-23,KOREI,2021-05-24,NA,NA
JP-08,茨城県,60710,40370,20340,2021-04-23,IRYO,2021-04-28,NA,NA
JP-08,茨城県,81667,57446,24221,2021-04-30,IRYO,2021-05-06,NA,NA
JP-08,茨城県,91335,86824,4511,2021-05-30,KOREI,2021-05-31,NA,NA
JP-08,茨城県,91573,65786,25787,2021-05-07,IRYO,2021-05-10,NA,NA
JP-08,茨城県,114919,77803,37116,2021-05-14,IRYO,2021-05-17,NA,NA
JP-08,茨城県,146926,92277,54649,2021-05-21,IRYO,2021-05-24,NA,NA
JP-08,茨城県,168252,103831,64421,2021-05-28,IRYO,2021-05-31,NA,NA
JP-08,茨城県,175233,158121,17112,2021-06-06,KOREI,2021-06-07,NA,NA
JP-08,茨城県,188070,112541,75529,2021-06-04,IRYO,2021-06-07,NA,NA
JP-08,茨城県,210015,120823,89192,2021-06-11,IRYO,2021-06-14,NA,NA
JP-08,茨城県,225272,126602,98670,2021-06-18,IRYO,2021-06-21,NA,NA
JP-08,茨城県,234994,131033,103961,2021-06-25,IRYO,2021-06-28,NA,NA
JP-08,茨城県,246115,135551,110564,2021-07-02,IRYO,2021-07-05,NA,NA
JP-08,茨城県,257851,140623,117228,2021-07-12,IRYO,2021-07-13,NA,NA
JP-08,茨城県,264820,142629,122191,2021-07-19,IRYO,2021-07-19,NA,NA
JP-08,茨城県,280640,242468,38172,2021-06-13,KOREI,2021-06-14,NA,NA
JP-08,茨城県,425925,334981,90944,2021-06-20,KOREI,2021-06-21,NA,NA
JP-08,茨城県,446953,347141,99812,2021-06-21,IPPAN,2021-06-27,NA,NA
JP-08,茨城県,607103,445256,161847,2021-06-27,IPPAN,2021-06-28,NA,NA
JP-08,茨城県,806254,541672,264582,2021-07-04,IPPAN,2021-07-05,NA,NA
JP-08,茨城県,1046959,681186,365773,2021-07-12,IPPAN,2021-07-13,NA,NA
JP-08,茨城県,1267747,813896,453851,2021-07-19,IPPAN,2021-07-19,2272445,0.557877968443681
JP-09,栃木県,488,488,0,2021-04-25,KOREI,2021-04-28,NA,NA
JP-09,栃木県,2618,2618,0,2021-05-05,KOREI,2021-05-06,NA,NA
JP-09,栃木県,5688,5687,1,2021-05-09,KOREI,2021-05-10,NA,NA
JP-09,栃木県,14102,13728,374,2021-05-16,KOREI,2021-05-17,NA,NA
JP-09,栃木県,26648,24309,2339,2021-05-23,KOREI,2021-05-24,NA,NA
JP-09,栃木県,42832,28116,14716,2021-04-23,IRYO,2021-04-28,NA,NA
JP-09,栃木県,53183,49004,4179,2021-05-30,KOREI,2021-05-31,NA,NA
JP-09,栃木県,57615,40441,17174,2021-04-30,IRYO,2021-05-06,NA,NA
JP-09,栃木県,63575,45934,17641,2021-05-07,IRYO,2021-05-10,NA,NA
JP-09,栃木県,78403,51716,26687,2021-05-14,IRYO,2021-05-17,NA,NA
JP-09,栃木県,91682,80391,11291,2021-06-06,KOREI,2021-06-07,NA,NA
JP-09,栃木県,96906,58072,38834,2021-05-21,IRYO,2021-05-24,NA,NA
JP-09,栃木県,107616,63455,44161,2021-05-28,IRYO,2021-05-31,NA,NA
JP-09,栃木県,120110,67783,52327,2021-06-04,IRYO,2021-06-07,NA,NA
JP-09,栃木県,130076,73225,56851,2021-06-11,IRYO,2021-06-14,NA,NA
JP-09,栃木県,135828,75749,60079,2021-06-18,IRYO,2021-06-21,NA,NA
JP-09,栃木県,140311,77455,62856,2021-06-25,IRYO,2021-06-28,NA,NA
JP-09,栃木県,147363,79482,67881,2021-07-02,IRYO,2021-07-05,NA,NA
JP-09,栃木県,153260,81839,71421,2021-07-12,IRYO,2021-07-13,NA,NA
JP-09,栃木県,157040,83586,73454,2021-07-19,IRYO,2021-07-19,NA,NA
JP-09,栃木県,169329,143668,25661,2021-06-13,KOREI,2021-06-14,NA,NA
JP-09,栃木県,251276,198374,52902,2021-06-20,KOREI,2021-06-21,NA,NA
JP-09,栃木県,268674,210116,58558,2021-06-21,IPPAN,2021-06-27,NA,NA
JP-09,栃木県,365924,271681,94243,2021-06-27,IPPAN,2021-06-28,NA,NA
JP-09,栃木県,495669,345881,149788,2021-07-04,IPPAN,2021-07-05,NA,NA
JP-09,栃木県,656082,436310,219772,2021-07-12,IPPAN,2021-07-13,NA,NA
JP-09,栃木県,770116,487145,282971,2021-07-19,IPPAN,2021-07-19,1433710,0.537149074778023
JP-10,群馬県,2044,2044,0,2021-04-25,KOREI,2021-04-28,NA,NA
JP-10,群馬県,4131,4131,0,2021-05-05,KOREI,2021-05-06,NA,NA
JP-10,群馬県,5212,5170,42,2021-05-09,KOREI,2021-05-10,NA,NA
JP-10,群馬県,18385,16846,1539,2021-05-16,KOREI,2021-05-17,NA,NA
JP-10,群馬県,43659,40045,3614,2021-05-23,KOREI,2021-05-24,NA,NA
JP-10,群馬県,44061,28812,15249,2021-04-23,IRYO,2021-04-28,NA,NA
JP-10,群馬県,60811,43152,17659,2021-04-30,IRYO,2021-05-06,NA,NA
JP-10,群馬県,66539,47455,19084,2021-05-07,IRYO,2021-05-10,NA,NA
JP-10,群馬県,81215,54321,26894,2021-05-14,IRYO,2021-05-17,NA,NA
JP-10,群馬県,88733,83063,5670,2021-05-30,KOREI,2021-05-31,NA,NA
JP-10,群馬県,102904,63057,39847,2021-05-21,IRYO,2021-05-24,NA,NA
JP-10,群馬県,119790,73969,45821,2021-05-28,IRYO,2021-05-31,NA,NA
JP-10,群馬県,133371,80590,52781,2021-06-04,IRYO,2021-06-07,NA,NA
JP-10,群馬県,147384,86669,60715,2021-06-11,IRYO,2021-06-14,NA,NA
JP-10,群馬県,150695,136830,13865,2021-06-06,KOREI,2021-06-07,NA,NA
JP-10,群馬県,158623,90271,68352,2021-06-18,IRYO,2021-06-21,NA,NA
JP-10,群馬県,169400,94374,75026,2021-06-25,IRYO,2021-06-28,NA,NA
JP-10,群馬県,176915,97079,79836,2021-07-02,IRYO,2021-07-05,NA,NA
JP-10,群馬県,183009,100123,82886,2021-07-12,IRYO,2021-07-13,NA,NA
JP-10,群馬県,186165,100666,85499,2021-07-19,IRYO,2021-07-19,NA,NA
JP-10,群馬県,238923,204887,34036,2021-06-13,KOREI,2021-06-14,NA,NA
JP-10,群馬県,356653,283324,73329,2021-06-20,KOREI,2021-06-21,NA,NA
JP-10,群馬県,381883,298920,82963,2021-06-21,IPPAN,2021-06-27,NA,NA
JP-10,群馬県,509626,380597,129029,2021-06-27,IPPAN,2021-06-28,NA,NA
JP-10,群馬県,655238,456950,198288,2021-07-04,IPPAN,2021-07-05,NA,NA
JP-10,群馬県,830202,552719,277483,2021-07-12,IPPAN,2021-07-13,NA,NA
JP-10,群馬県,1010618,645356,365262,2021-07-19,IPPAN,2021-07-19,1717665,0.588367347532843
JP-11,埼玉県,556,556,0,2021-04-25,KOREI,2021-04-28,NA,NA
JP-11,埼玉県,2544,2544,0,2021-05-05,KOREI,2021-05-06,NA,NA
JP-11,埼玉県,7366,7260,106,2021-05-09,KOREI,2021-05-10,NA,NA
JP-11,埼玉県,29226,28389,837,2021-05-16,KOREI,2021-05-17,NA,NA
JP-11,埼玉県,87843,86265,1578,2021-05-23,KOREI,2021-05-24,NA,NA
JP-11,埼玉県,123188,85296,37892,2021-04-23,IRYO,2021-04-28,NA,NA
JP-11,埼玉県,170056,122806,47250,2021-04-30,IRYO,2021-05-06,NA,NA
JP-11,埼玉県,196355,144470,51885,2021-05-07,IRYO,2021-05-10,NA,NA
JP-11,埼玉県,217007,210527,6480,2021-05-30,KOREI,2021-05-31,NA,NA
JP-11,埼玉県,255912,173714,82198,2021-05-14,IRYO,2021-05-17,NA,NA
JP-11,埼玉県,321138,197042,124096,2021-05-21,IRYO,2021-05-24,NA,NA
JP-11,埼玉県,364485,217373,147112,2021-05-28,IRYO,2021-05-31,NA,NA
JP-11,埼玉県,407058,234491,172567,2021-06-04,IRYO,2021-06-07,NA,NA
JP-11,埼玉県,411279,383749,27530,2021-06-06,KOREI,2021-06-07,NA,NA
JP-11,埼玉県,442203,248222,193981,2021-06-11,IRYO,2021-06-14,NA,NA
JP-11,埼玉県,475962,264078,211884,2021-06-18,IRYO,2021-06-21,NA,NA
JP-11,埼玉県,504881,278469,226412,2021-06-25,IRYO,2021-06-28,NA,NA
JP-11,埼玉県,523466,286035,237431,2021-07-02,IRYO,2021-07-05,NA,NA
JP-11,埼玉県,547132,297370,249762,2021-07-12,IRYO,2021-07-13,NA,NA
JP-11,埼玉県,567194,306550,260644,2021-07-19,IRYO,2021-07-19,NA,NA
JP-11,埼玉県,709007,623122,85885,2021-06-13,KOREI,2021-06-14,NA,NA
JP-11,埼玉県,1110341,901218,209123,2021-06-20,KOREI,2021-06-21,NA,NA
JP-11,埼玉県,1169476,937708,231768,2021-06-21,IPPAN,2021-06-27,NA,NA
JP-11,埼玉県,1520350,1131866,388484,2021-06-27,IPPAN,2021-06-28,NA,NA
JP-11,埼玉県,1913062,1321302,591760,2021-07-04,IPPAN,2021-07-05,NA,NA
JP-11,埼玉県,2483544,1617044,866500,2021-07-12,IPPAN,2021-07-13,NA,NA
JP-11,埼玉県,2950262,1854411,1095851,2021-07-19,IPPAN,2021-07-19,5071230,0.581764581768131
JP-12,千葉県,595,595,0,2021-04-25,KOREI,2021-04-28,NA,NA
JP-12,千葉県,3596,3596,0,2021-05-05,KOREI,2021-05-06,NA,NA
JP-12,千葉県,5678,5642,36,2021-05-09,KOREI,2021-05-10,NA,NA
JP-12,千葉県,25986,25425,561,2021-05-16,KOREI,2021-05-17,NA,NA
JP-12,千葉県,77135,73865,3270,2021-05-23,KOREI,2021-05-24,NA,NA
JP-12,千葉県,107186,70266,36920,2021-04-23,IRYO,2021-04-28,NA,NA
JP-12,千葉県,145235,102528,42707,2021-04-30,IRYO,2021-05-06,NA,NA
JP-12,千葉県,160846,115257,45589,2021-05-07,IRYO,2021-05-10,NA,NA
JP-12,千葉県,195657,188929,6728,2021-05-30,KOREI,2021-05-31,NA,NA
JP-12,千葉県,202614,136902,65712,2021-05-14,IRYO,2021-05-17,NA,NA
JP-12,千葉県,257328,160839,96489,2021-05-21,IRYO,2021-05-24,NA,NA
JP-12,千葉県,295847,182851,112996,2021-05-28,IRYO,2021-05-31,NA,NA
JP-12,千葉県,334840,202019,132821,2021-06-04,IRYO,2021-06-07,NA,NA
JP-12,千葉県,372088,345142,26946,2021-06-06,KOREI,2021-06-07,NA,NA
JP-12,千葉県,378605,220375,158230,2021-06-11,IRYO,2021-06-14,NA,NA
JP-12,千葉県,410093,234137,175956,2021-06-18,IRYO,2021-06-21,NA,NA
JP-12,千葉県,438976,246606,192370,2021-06-25,IRYO,2021-06-28,NA,NA
JP-12,千葉県,460088,253947,206141,2021-07-02,IRYO,2021-07-05,NA,NA
JP-12,千葉県,480861,262092,218769,2021-07-12,IRYO,2021-07-13,NA,NA
JP-12,千葉県,496056,267056,229000,2021-07-19,IRYO,2021-07-19,NA,NA
JP-12,千葉県,672747,592233,80514,2021-06-13,KOREI,2021-06-14,NA,NA
JP-12,千葉県,1013906,805128,208778,2021-06-20,KOREI,2021-06-21,NA,NA
JP-12,千葉県,1074166,837616,236550,2021-06-21,IPPAN,2021-06-27,NA,NA
JP-12,千葉県,1366988,999476,367512,2021-06-27,IPPAN,2021-06-28,NA,NA
JP-12,千葉県,1741557,1181816,559741,2021-07-04,IPPAN,2021-07-05,NA,NA
JP-12,千葉県,2177782,1414208,763574,2021-07-12,IPPAN,2021-07-13,NA,NA
JP-12,千葉県,2616655,1644566,972089,2021-07-19,IPPAN,2021-07-19,4360455,0.600087605536578
JP-13,東京都,2899,2899,0,2021-04-25,KOREI,2021-04-28,NA,NA
JP-13,東京都,7753,7753,0,2021-05-05,KOREI,2021-05-06,NA,NA
JP-13,東京都,20869,20650,219,2021-05-09,KOREI,2021-05-10,NA,NA
JP-13,東京都,74841,72080,2761,2021-05-16,KOREI,2021-05-17,NA,NA
JP-13,東京都,211969,206207,5762,2021-05-23,KOREI,2021-05-24,NA,NA
JP-13,東京都,254513,173280,81233,2021-04-23,IRYO,2021-04-28,NA,NA
JP-13,東京都,354005,251192,102813,2021-04-30,IRYO,2021-05-06,NA,NA
JP-13,東京都,404983,290463,114520,2021-05-07,IRYO,2021-05-10,NA,NA
JP-13,東京都,491790,474487,17303,2021-05-30,KOREI,2021-05-31,NA,NA
JP-13,東京都,498522,338771,159751,2021-05-14,IRYO,2021-05-17,NA,NA
JP-13,東京都,631930,386025,245905,2021-05-21,IRYO,2021-05-24,NA,NA
JP-13,東京都,737513,439082,298431,2021-05-28,IRYO,2021-05-31,NA,NA
JP-13,東京都,814955,469872,345083,2021-06-04,IRYO,2021-06-07,NA,NA
JP-13,東京都,865691,801066,64625,2021-06-06,KOREI,2021-06-07,NA,NA
JP-13,東京都,888744,502186,386558,2021-06-11,IRYO,2021-06-14,NA,NA
JP-13,東京都,947398,529040,418358,2021-06-18,IRYO,2021-06-21,NA,NA
JP-13,東京都,994909,548036,446873,2021-06-25,IRYO,2021-06-28,NA,NA
JP-13,東京都,1048177,570744,477433,2021-07-02,IRYO,2021-07-05,NA,NA
JP-13,東京都,1091420,589802,501618,2021-07-12,IRYO,2021-07-13,NA,NA
JP-13,東京都,1122840,600150,522690,2021-07-19,IRYO,2021-07-19,NA,NA
JP-13,東京都,1339104,1148562,190542,2021-06-13,KOREI,2021-06-14,NA,NA
JP-13,東京都,2016218,1572157,444061,2021-06-20,KOREI,2021-06-21,NA,NA
JP-13,東京都,2101619,1622419,479200,2021-06-21,IPPAN,2021-06-27,NA,NA
JP-13,東京都,2706842,1957027,749815,2021-06-27,IPPAN,2021-06-28,NA,NA
JP-13,東京都,3503604,2358952,1144652,2021-07-04,IPPAN,2021-07-05,NA,NA
JP-13,東京都,4589278,2996415,1592863,2021-07-12,IPPAN,2021-07-13,NA,NA
JP-13,東京都,5567001,3579442,1987559,2021-07-19,IPPAN,2021-07-19,13127480,0.424072327666848
JP-14,神奈川県,3602,3602,0,2021-04-25,KOREI,2021-04-28,NA,NA
JP-14,神奈川県,7967,7967,0,2021-05-05,KOREI,2021-05-06,NA,NA
JP-14,神奈川県,10041,9121,920,2021-05-09,KOREI,2021-05-10,NA,NA
JP-14,神奈川県,32672,28913,3759,2021-05-16,KOREI,2021-05-17,NA,NA
JP-14,神奈川県,113758,79039,34719,2021-04-23,IRYO,2021-04-28,NA,NA
JP-14,神奈川県,114365,107005,7360,2021-05-23,KOREI,2021-05-24,NA,NA
JP-14,神奈川県,175653,135263,40390,2021-04-30,IRYO,2021-05-06,NA,NA
JP-14,神奈川県,215694,167971,47723,2021-05-07,IRYO,2021-05-10,NA,NA
JP-14,神奈川県,232487,223193,9294,2021-05-30,KOREI,2021-05-31,NA,NA
JP-14,神奈川県,279985,206880,73105,2021-05-14,IRYO,2021-05-17,NA,NA
JP-14,神奈川県,361283,229503,131780,2021-05-21,IRYO,2021-05-24,NA,NA
JP-14,神奈川県,428484,258774,169710,2021-05-28,IRYO,2021-05-31,NA,NA
JP-14,神奈川県,435591,406659,28932,2021-06-06,KOREI,2021-06-07,NA,NA
JP-14,神奈川県,492038,288694,203344,2021-06-04,IRYO,2021-06-07,NA,NA
JP-14,神奈川県,541120,312476,228644,2021-06-11,IRYO,2021-06-14,NA,NA
JP-14,神奈川県,583647,331804,251843,2021-06-18,IRYO,2021-06-21,NA,NA
JP-14,神奈川県,632546,346183,286363,2021-06-25,IRYO,2021-06-28,NA,NA
JP-14,神奈川県,659583,360112,299471,2021-07-02,IRYO,2021-07-05,NA,NA
JP-14,神奈川県,692046,372043,320003,2021-07-12,IRYO,2021-07-13,NA,NA
JP-14,神奈川県,717260,384341,332919,2021-07-19,IRYO,2021-07-19,NA,NA
JP-14,神奈川県,859331,743069,116262,2021-06-13,KOREI,2021-06-14,NA,NA
JP-14,神奈川県,1303865,1054042,249823,2021-06-20,KOREI,2021-06-21,NA,NA
JP-14,神奈川県,1375052,1104314,270738,2021-06-21,IPPAN,2021-06-27,NA,NA
JP-14,神奈川県,1860914,1408373,452541,2021-06-27,IPPAN,2021-06-28,NA,NA
JP-14,神奈川県,2404551,1715972,688579,2021-07-04,IPPAN,2021-07-05,NA,NA
JP-14,神奈川県,3149669,2104615,1045054,2021-07-12,IPPAN,2021-07-13,NA,NA
JP-14,神奈川県,3832741,2411304,1421437,2021-07-19,IPPAN,2021-07-19,5732765,0.668567610917245
JP-15,新潟県,2245,2245,0,2021-04-25,KOREI,2021-04-28,NA,NA
JP-15,新潟県,5249,5249,0,2021-05-05,KOREI,2021-05-06,NA,NA
JP-15,新潟県,8213,7899,314,2021-05-09,KOREI,2021-05-10,NA,NA
JP-15,新潟県,23874,21668,2206,2021-05-16,KOREI,2021-05-17,NA,NA
JP-15,新潟県,49750,35419,14331,2021-04-23,IRYO,2021-04-28,NA,NA
JP-15,新潟県,50811,46739,4072,2021-05-23,KOREI,2021-05-24,NA,NA
JP-15,新潟県,68353,50097,18256,2021-04-30,IRYO,2021-05-06,NA,NA
JP-15,新潟県,76670,56252,20418,2021-05-07,IRYO,2021-05-10,NA,NA
JP-15,新潟県,94999,62075,32924,2021-05-14,IRYO,2021-05-17,NA,NA
JP-15,新潟県,106489,99019,7470,2021-05-30,KOREI,2021-05-31,NA,NA
JP-15,新潟県,115754,66971,48783,2021-05-21,IRYO,2021-05-24,NA,NA
JP-15,新潟県,128275,74293,53982,2021-05-28,IRYO,2021-05-31,NA,NA
JP-15,新潟県,141160,81818,59342,2021-06-04,IRYO,2021-06-07,NA,NA
JP-15,新潟県,156332,91384,64948,2021-06-11,IRYO,2021-06-14,NA,NA
JP-15,新潟県,168648,96436,72212,2021-06-18,IRYO,2021-06-21,NA,NA
JP-15,新潟県,183180,104531,78649,2021-06-25,IRYO,2021-06-28,NA,NA
JP-15,新潟県,190381,166804,23577,2021-06-06,KOREI,2021-06-07,NA,NA
JP-15,新潟県,194444,109995,84449,2021-07-02,IRYO,2021-07-05,NA,NA
JP-15,新潟県,203437,115106,88331,2021-07-12,IRYO,2021-07-13,NA,NA
JP-15,新潟県,210817,118113,92704,2021-07-19,IRYO,2021-07-19,NA,NA
JP-15,新潟県,304005,253738,50267,2021-06-13,KOREI,2021-06-14,NA,NA
JP-15,新潟県,488614,374707,113907,2021-06-20,KOREI,2021-06-21,NA,NA
JP-15,新潟県,514229,390445,123784,2021-06-21,IPPAN,2021-06-27,NA,NA
JP-15,新潟県,645475,460532,184943,2021-06-27,IPPAN,2021-06-28,NA,NA
JP-15,新潟県,814236,542315,271921,2021-07-04,IPPAN,2021-07-05,NA,NA
JP-15,新潟県,1035271,649424,385847,2021-07-12,IPPAN,2021-07-13,NA,NA
JP-15,新潟県,1215715,738904,476811,2021-07-19,IPPAN,2021-07-19,1921215,0.632784461916027
JP-16,富山県,647,647,0,2021-04-25,KOREI,2021-04-28,NA,NA
JP-16,富山県,1396,1396,0,2021-05-05,KOREI,2021-05-06,NA,NA
JP-16,富山県,1471,1424,47,2021-05-09,KOREI,2021-05-10,NA,NA
JP-16,富山県,3646,2966,680,2021-05-16,KOREI,2021-05-17,NA,NA
JP-16,富山県,16537,15187,1350,2021-05-23,KOREI,2021-05-24,NA,NA
JP-16,富山県,27404,18351,9053,2021-04-23,IRYO,2021-04-28,NA,NA
JP-16,富山県,38623,28104,10519,2021-04-30,IRYO,2021-05-06,NA,NA
JP-16,富山県,42755,30794,11961,2021-05-07,IRYO,2021-05-10,NA,NA
JP-16,富山県,43191,41305,1886,2021-05-30,KOREI,2021-05-31,NA,NA
JP-16,富山県,52079,33970,18109,2021-05-14,IRYO,2021-05-17,NA,NA
JP-16,富山県,64935,38495,26440,2021-05-21,IRYO,2021-05-24,NA,NA
JP-16,富山県,73119,43375,29744,2021-05-28,IRYO,2021-05-31,NA,NA
JP-16,富山県,78639,75122,3517,2021-06-06,KOREI,2021-06-07,NA,NA
JP-16,富山県,79326,45526,33800,2021-06-04,IRYO,2021-06-07,NA,NA
JP-16,富山県,84013,47392,36621,2021-06-11,IRYO,2021-06-14,NA,NA
JP-16,富山県,90365,49858,40507,2021-06-18,IRYO,2021-06-21,NA,NA
JP-16,富山県,96057,51826,44231,2021-06-25,IRYO,2021-06-28,NA,NA
JP-16,富山県,100237,53562,46675,2021-07-02,IRYO,2021-07-05,NA,NA
JP-16,富山県,102967,54203,48764,2021-07-12,IRYO,2021-07-13,NA,NA
JP-16,富山県,105877,55662,50215,2021-07-19,IRYO,2021-07-19,NA,NA
JP-16,富山県,135944,119117,16827,2021-06-13,KOREI,2021-06-14,NA,NA
JP-16,富山県,214851,167465,47386,2021-06-20,KOREI,2021-06-21,NA,NA
JP-16,富山県,227861,174354,53507,2021-06-21,IPPAN,2021-06-27,NA,NA
JP-16,富山県,295705,207109,88596,2021-06-27,IPPAN,2021-06-28,NA,NA
JP-16,富山県,375978,244194,131784,2021-07-04,IPPAN,2021-07-05,NA,NA
JP-16,富山県,467905,293441,174464,2021-07-12,IPPAN,2021-07-13,NA,NA
JP-16,富山県,545142,335453,209689,2021-07-19,IPPAN,2021-07-19,795070,0.685652835599381
JP-17,石川県,3975,3975,0,2021-04-25,KOREI,2021-04-28,NA,NA
JP-17,石川県,6469,6469,0,2021-05-05,KOREI,2021-05-06,NA,NA
JP-17,石川県,10414,9378,1036,2021-05-09,KOREI,2021-05-10,NA,NA
JP-17,石川県,20847,17447,3400,2021-05-16,KOREI,2021-05-17,NA,NA
JP-17,石川県,29954,20988,8966,2021-04-23,IRYO,2021-04-28,NA,NA
JP-17,石川県,39828,29327,10501,2021-04-30,IRYO,2021-05-06,NA,NA
JP-17,石川県,41479,35283,6196,2021-05-23,KOREI,2021-05-24,NA,NA
JP-17,石川県,44400,33285,11115,2021-05-07,IRYO,2021-05-10,NA,NA
JP-17,石川県,57008,36959,20049,2021-05-14,IRYO,2021-05-17,NA,NA
JP-17,石川県,71619,41724,29895,2021-05-21,IRYO,2021-05-24,NA,NA
JP-17,石川県,75243,66261,8982,2021-05-30,KOREI,2021-05-31,NA,NA
JP-17,石川県,79148,46070,33078,2021-05-28,IRYO,2021-05-31,NA,NA
JP-17,石川県,88235,51549,36686,2021-06-04,IRYO,2021-06-07,NA,NA
JP-17,石川県,97402,55800,41602,2021-06-11,IRYO,2021-06-14,NA,NA
JP-17,石川県,102951,57788,45163,2021-06-18,IRYO,2021-06-21,NA,NA
JP-17,石川県,109512,60602,48910,2021-06-25,IRYO,2021-06-28,NA,NA
JP-17,石川県,115750,62367,53383,2021-07-02,IRYO,2021-07-05,NA,NA
JP-17,石川県,120937,64457,56480,2021-07-12,IRYO,2021-07-13,NA,NA
JP-17,石川県,123992,65653,58339,2021-07-19,IRYO,2021-07-19,NA,NA
JP-17,石川県,129070,112545,16525,2021-06-06,KOREI,2021-06-07,NA,NA
JP-17,石川県,191569,156964,34605,2021-06-13,KOREI,2021-06-14,NA,NA
JP-17,石川県,263406,197178,66228,2021-06-20,KOREI,2021-06-21,NA,NA
JP-17,石川県,277425,203050,74375,2021-06-21,IPPAN,2021-06-27,NA,NA
JP-17,石川県,350382,236599,113783,2021-06-27,IPPAN,2021-06-28,NA,NA
JP-17,石川県,432147,271352,160795,2021-07-04,IPPAN,2021-07-05,NA,NA
JP-17,石川県,523969,324358,199611,2021-07-12,IPPAN,2021-07-13,NA,NA
JP-17,石川県,616276,376470,239806,2021-07-19,IPPAN,2021-07-19,946700,0.650972853068554
JP-18,福井県,1489,1489,0,2021-04-25,KOREI,2021-04-28,NA,NA
JP-18,福井県,4187,4187,0,2021-05-05,KOREI,2021-05-06,NA,NA
JP-18,福井県,5434,5240,194,2021-05-09,KOREI,2021-05-10,NA,NA
JP-18,福井県,11003,9788,1215,2021-05-16,KOREI,2021-05-17,NA,NA
JP-18,福井県,21361,15162,6199,2021-04-23,IRYO,2021-04-28,NA,NA
JP-18,福井県,24133,20716,3417,2021-05-23,KOREI,2021-05-24,NA,NA
JP-18,福井県,33003,25871,7132,2021-04-30,IRYO,2021-05-06,NA,NA
JP-18,福井県,36859,28972,7887,2021-05-07,IRYO,2021-05-10,NA,NA
JP-18,福井県,46319,41095,5224,2021-05-30,KOREI,2021-05-31,NA,NA
JP-18,福井県,47698,33311,14387,2021-05-14,IRYO,2021-05-17,NA,NA
JP-18,福井県,60354,36322,24032,2021-05-21,IRYO,2021-05-24,NA,NA
JP-18,福井県,66285,37429,28856,2021-05-28,IRYO,2021-05-31,NA,NA
JP-18,福井県,73990,40693,33297,2021-06-04,IRYO,2021-06-07,NA,NA
JP-18,福井県,78034,68773,9261,2021-06-06,KOREI,2021-06-07,NA,NA
JP-18,福井県,78922,42535,36387,2021-06-11,IRYO,2021-06-14,NA,NA
JP-18,福井県,82598,43859,38739,2021-06-18,IRYO,2021-06-21,NA,NA
JP-18,福井県,85166,44945,40221,2021-06-25,IRYO,2021-06-28,NA,NA
JP-18,福井県,88835,47295,41540,2021-07-02,IRYO,2021-07-05,NA,NA
JP-18,福井県,90697,48301,42396,2021-07-12,IRYO,2021-07-13,NA,NA
JP-18,福井県,91749,48481,43268,2021-07-19,IRYO,2021-07-19,NA,NA
JP-18,福井県,116004,94854,21150,2021-06-13,KOREI,2021-06-14,NA,NA
JP-18,福井県,171493,127274,44219,2021-06-20,KOREI,2021-06-21,NA,NA
JP-18,福井県,180542,131395,49147,2021-06-21,IPPAN,2021-06-27,NA,NA
JP-18,福井県,228843,154856,73987,2021-06-27,IPPAN,2021-06-28,NA,NA
JP-18,福井県,294896,189066,105830,2021-07-04,IPPAN,2021-07-05,NA,NA
JP-18,福井県,356790,225827,130963,2021-07-12,IPPAN,2021-07-13,NA,NA
JP-18,福井県,413157,258741,154416,2021-07-19,IPPAN,2021-07-19,633360,0.65232569154983
JP-19,山梨県,2161,2161,0,2021-04-25,KOREI,2021-04-28,NA,NA
JP-19,山梨県,3045,3045,0,2021-05-05,KOREI,2021-05-06,NA,NA
JP-19,山梨県,4994,4662,332,2021-05-09,KOREI,2021-05-10,NA,NA
JP-19,山梨県,10883,9260,1623,2021-05-16,KOREI,2021-05-17,NA,NA
JP-19,山梨県,15452,9229,6223,2021-04-23,IRYO,2021-04-28,NA,NA
JP-19,山梨県,19192,16006,3186,2021-05-23,KOREI,2021-05-24,NA,NA
JP-19,山梨県,22289,14809,7480,2021-04-30,IRYO,2021-05-06,NA,NA
JP-19,山梨県,24275,16466,7809,2021-05-07,IRYO,2021-05-10,NA,NA
JP-19,山梨県,29310,20519,8791,2021-05-14,IRYO,2021-05-17,NA,NA
JP-19,山梨県,36042,31752,4290,2021-05-30,KOREI,2021-05-31,NA,NA
JP-19,山梨県,41628,26774,14854,2021-05-21,IRYO,2021-05-24,NA,NA
JP-19,山梨県,46767,29958,16809,2021-05-28,IRYO,2021-05-31,NA,NA
JP-19,山梨県,54095,32796,21299,2021-06-04,IRYO,2021-06-07,NA,NA
JP-19,山梨県,60557,34598,25959,2021-06-11,IRYO,2021-06-14,NA,NA
JP-19,山梨県,64072,35504,28568,2021-06-18,IRYO,2021-06-21,NA,NA
JP-19,山梨県,67669,37195,30474,2021-06-25,IRYO,2021-06-28,NA,NA
JP-19,山梨県,68097,57202,10895,2021-06-06,KOREI,2021-06-07,NA,NA
JP-19,山梨県,74816,41395,33421,2021-07-02,IRYO,2021-07-05,NA,NA
JP-19,山梨県,77513,42726,34787,2021-07-12,IRYO,2021-07-13,NA,NA
JP-19,山梨県,80174,43821,36353,2021-07-19,IRYO,2021-07-19,NA,NA
JP-19,山梨県,100104,80886,19218,2021-06-13,KOREI,2021-06-14,NA,NA
JP-19,山梨県,141058,106009,35049,2021-06-20,KOREI,2021-06-21,NA,NA
JP-19,山梨県,153311,112174,41137,2021-06-21,IPPAN,2021-06-27,NA,NA
JP-19,山梨県,206650,151506,55144,2021-06-27,IPPAN,2021-06-28,NA,NA
JP-19,山梨県,276918,186569,90349,2021-07-04,IPPAN,2021-07-05,NA,NA
JP-19,山梨県,346533,222573,123960,2021-07-12,IPPAN,2021-07-13,NA,NA
JP-19,山梨県,402812,240994,161818,2021-07-19,IPPAN,2021-07-19,654740,0.615224363869628
JP-20,長野県,1564,1564,0,2021-04-25,KOREI,2021-04-28,NA,NA
JP-20,長野県,3200,3200,0,2021-05-05,KOREI,2021-05-06,NA,NA
JP-20,長野県,6563,6406,157,2021-05-09,KOREI,2021-05-10,NA,NA
JP-20,長野県,23749,22248,1501,2021-05-16,KOREI,2021-05-17,NA,NA
JP-20,長野県,43353,30323,13030,2021-04-23,IRYO,2021-04-28,NA,NA
JP-20,長野県,49169,45534,3635,2021-05-23,KOREI,2021-05-24,NA,NA
JP-20,長野県,58608,42792,15816,2021-04-30,IRYO,2021-05-06,NA,NA
JP-20,長野県,67184,49713,17471,2021-05-07,IRYO,2021-05-10,NA,NA
JP-20,長野県,86514,57947,28567,2021-05-14,IRYO,2021-05-17,NA,NA
JP-20,長野県,96167,88108,8059,2021-05-30,KOREI,2021-05-31,NA,NA
JP-20,長野県,107948,65573,42375,2021-05-21,IRYO,2021-05-24,NA,NA
JP-20,長野県,119998,72223,47775,2021-05-28,IRYO,2021-05-31,NA,NA
JP-20,長野県,133744,77494,56250,2021-06-04,IRYO,2021-06-07,NA,NA
JP-20,長野県,146858,82515,64343,2021-06-11,IRYO,2021-06-14,NA,NA
JP-20,長野県,157488,86426,71062,2021-06-18,IRYO,2021-06-21,NA,NA
JP-20,長野県,163270,88915,74355,2021-06-25,IRYO,2021-06-28,NA,NA
JP-20,長野県,171292,150117,21175,2021-06-06,KOREI,2021-06-07,NA,NA
JP-20,長野県,171830,92902,78928,2021-07-02,IRYO,2021-07-05,NA,NA
JP-20,長野県,184467,100392,84075,2021-07-12,IRYO,2021-07-13,NA,NA
JP-20,長野県,191229,103044,88185,2021-07-19,IRYO,2021-07-19,NA,NA
JP-20,長野県,273780,223221,50559,2021-06-13,KOREI,2021-06-14,NA,NA
JP-20,長野県,411915,307842,104073,2021-06-20,KOREI,2021-06-21,NA,NA
JP-20,長野県,437197,322571,114626,2021-06-21,IPPAN,2021-06-27,NA,NA
JP-20,長野県,560696,394444,166252,2021-06-27,IPPAN,2021-06-28,NA,NA
JP-20,長野県,715389,473022,242367,2021-07-04,IPPAN,2021-07-05,NA,NA
JP-20,長野県,893225,569539,323686,2021-07-12,IPPAN,2021-07-13,NA,NA
JP-20,長野県,1049113,644451,404662,2021-07-19,IPPAN,2021-07-19,1697000,0.618216263995286
JP-21,岐阜県,1629,1629,0,2021-04-25,KOREI,2021-04-28,NA,NA
JP-21,岐阜県,4819,4819,0,2021-05-05,KOREI,2021-05-06,NA,NA
JP-21,岐阜県,6923,6717,206,2021-05-09,KOREI,2021-05-10,NA,NA
JP-21,岐阜県,20143,18954,1189,2021-05-16,KOREI,2021-05-17,NA,NA
JP-21,岐阜県,43470,39731,3739,2021-05-23,KOREI,2021-05-24,NA,NA
JP-21,岐阜県,44492,30334,14158,2021-04-23,IRYO,2021-04-28,NA,NA
JP-21,岐阜県,60141,42162,17979,2021-04-30,IRYO,2021-05-06,NA,NA
JP-21,岐阜県,65328,46302,19026,2021-05-07,IRYO,2021-05-10,NA,NA
JP-21,岐阜県,85321,55088,30233,2021-05-14,IRYO,2021-05-17,NA,NA
JP-21,岐阜県,101777,95506,6271,2021-05-30,KOREI,2021-05-31,NA,NA
JP-21,岐阜県,108707,67526,41181,2021-05-21,IRYO,2021-05-24,NA,NA
JP-21,岐阜県,125702,78639,47063,2021-05-28,IRYO,2021-05-31,NA,NA
JP-21,岐阜県,142824,86332,56492,2021-06-04,IRYO,2021-06-07,NA,NA
JP-21,岐阜県,159625,91059,68566,2021-06-11,IRYO,2021-06-14,NA,NA
JP-21,岐阜県,172209,94128,78081,2021-06-18,IRYO,2021-06-21,NA,NA
JP-21,岐阜県,180966,96278,84688,2021-06-25,IRYO,2021-06-28,NA,NA
JP-21,岐阜県,187480,98037,89443,2021-07-02,IRYO,2021-07-05,NA,NA
JP-21,岐阜県,193122,101035,92087,2021-07-12,IRYO,2021-07-13,NA,NA
JP-21,岐阜県,194529,176386,18143,2021-06-06,KOREI,2021-06-07,NA,NA
JP-21,岐阜県,197084,102967,94117,2021-07-19,IRYO,2021-07-19,NA,NA
JP-21,岐阜県,313617,274456,39161,2021-06-13,KOREI,2021-06-14,NA,NA
JP-21,岐阜県,461819,363956,97863,2021-06-20,KOREI,2021-06-21,NA,NA
JP-21,岐阜県,495674,379756,115918,2021-06-21,IPPAN,2021-06-27,NA,NA
JP-21,岐阜県,631043,447158,183885,2021-06-27,IPPAN,2021-06-28,NA,NA
JP-21,岐阜県,786633,506536,280097,2021-07-04,IPPAN,2021-07-05,NA,NA
JP-21,岐阜県,966135,595543,370592,2021-07-12,IPPAN,2021-07-13,NA,NA
JP-21,岐阜県,1110995,660233,450762,2021-07-19,IPPAN,2021-07-19,1542495,0.72025841250701
JP-22,静岡県,407,407,0,2021-04-25,KOREI,2021-04-28,NA,NA
JP-22,静岡県,2963,2963,0,2021-05-05,KOREI,2021-05-06,NA,NA
JP-22,静岡県,5209,5170,39,2021-05-09,KOREI,2021-05-10,NA,NA
JP-22,静岡県,18246,17722,524,2021-05-16,KOREI,2021-05-17,NA,NA
JP-22,静岡県,51012,48942,2070,2021-05-23,KOREI,2021-05-24,NA,NA
JP-22,静岡県,64995,43626,21369,2021-04-23,IRYO,2021-04-28,NA,NA
JP-22,静岡県,96084,70574,25510,2021-04-30,IRYO,2021-05-06,NA,NA
JP-22,静岡県,106529,79212,27317,2021-05-07,IRYO,2021-05-10,NA,NA
JP-22,静岡県,114538,110260,4278,2021-05-30,KOREI,2021-05-31,NA,NA
JP-22,静岡県,132562,93567,38995,2021-05-14,IRYO,2021-05-17,NA,NA
JP-22,静岡県,166156,104286,61870,2021-05-21,IRYO,2021-05-24,NA,NA
JP-22,静岡県,182267,111745,70522,2021-05-28,IRYO,2021-05-31,NA,NA
JP-22,静岡県,202344,120178,82166,2021-06-04,IRYO,2021-06-07,NA,NA
JP-22,静岡県,202452,185330,17122,2021-06-06,KOREI,2021-06-07,NA,NA
JP-22,静岡県,228864,131075,97789,2021-06-11,IRYO,2021-06-14,NA,NA
JP-22,静岡県,244002,137860,106142,2021-06-18,IRYO,2021-06-21,NA,NA
JP-22,静岡県,265118,148385,116733,2021-06-25,IRYO,2021-06-28,NA,NA
JP-22,静岡県,277807,152513,125294,2021-07-02,IRYO,2021-07-05,NA,NA
JP-22,静岡県,291151,158292,132859,2021-07-12,IRYO,2021-07-13,NA,NA
JP-22,静岡県,300684,161594,139090,2021-07-19,IRYO,2021-07-19,NA,NA
JP-22,静岡県,343232,289872,53360,2021-06-13,KOREI,2021-06-14,NA,NA
JP-22,静岡県,537795,416863,120932,2021-06-20,KOREI,2021-06-21,NA,NA
JP-22,静岡県,573609,438607,135002,2021-06-21,IPPAN,2021-06-27,NA,NA
JP-22,静岡県,750465,544024,206441,2021-06-27,IPPAN,2021-06-28,NA,NA
JP-22,静岡県,1008175,689296,318879,2021-07-04,IPPAN,2021-07-05,NA,NA
JP-22,静岡県,1313895,874975,438920,2021-07-12,IPPAN,2021-07-13,NA,NA
JP-22,静岡県,1579821,1001094,578727,2021-07-19,IPPAN,2021-07-19,2736190,0.577379860316718
JP-23,愛知県,2171,2171,0,2021-04-25,KOREI,2021-04-28,NA,NA
JP-23,愛知県,6405,6405,0,2021-05-05,KOREI,2021-05-06,NA,NA
JP-23,愛知県,12536,11570,966,2021-05-09,KOREI,2021-05-10,NA,NA
JP-23,愛知県,57405,55296,2109,2021-05-16,KOREI,2021-05-17,NA,NA
JP-23,愛知県,118896,113463,5433,2021-05-23,KOREI,2021-05-24,NA,NA
JP-23,愛知県,137063,99994,37069,2021-04-23,IRYO,2021-04-28,NA,NA
JP-23,愛知県,201384,155262,46122,2021-04-30,IRYO,2021-05-06,NA,NA
JP-23,愛知県,232493,178287,54206,2021-05-07,IRYO,2021-05-10,NA,NA
JP-23,愛知県,288226,276537,11689,2021-05-30,KOREI,2021-05-31,NA,NA
JP-23,愛知県,297030,205364,91666,2021-05-14,IRYO,2021-05-17,NA,NA
JP-23,愛知県,370613,226345,144268,2021-05-21,IRYO,2021-05-24,NA,NA
JP-23,愛知県,416914,245761,171153,2021-05-28,IRYO,2021-05-31,NA,NA
JP-23,愛知県,458287,263732,194555,2021-06-04,IRYO,2021-06-07,NA,NA
JP-23,愛知県,493430,278391,215039,2021-06-11,IRYO,2021-06-14,NA,NA
JP-23,愛知県,529985,295653,234332,2021-06-18,IRYO,2021-06-21,NA,NA
JP-23,愛知県,554063,499976,54087,2021-06-06,KOREI,2021-06-07,NA,NA
JP-23,愛知県,554631,306798,247833,2021-06-25,IRYO,2021-06-28,NA,NA
JP-23,愛知県,577950,317543,260407,2021-07-02,IRYO,2021-07-05,NA,NA
JP-23,愛知県,594218,325107,269111,2021-07-12,IRYO,2021-07-13,NA,NA
JP-23,愛知県,646720,360988,285732,2021-07-19,IRYO,2021-07-19,NA,NA
JP-23,愛知県,926402,814340,112062,2021-06-13,KOREI,2021-06-14,NA,NA
JP-23,愛知県,1361296,1098614,262682,2021-06-20,KOREI,2021-06-21,NA,NA
JP-23,愛知県,1426174,1133748,292426,2021-06-21,IPPAN,2021-06-27,NA,NA
JP-23,愛知県,1802963,1308325,494638,2021-06-27,IPPAN,2021-06-28,NA,NA
JP-23,愛知県,2256832,1471592,785240,2021-07-04,IPPAN,2021-07-05,NA,NA
JP-23,愛知県,2765538,1700545,1064993,2021-07-12,IPPAN,2021-07-13,NA,NA
JP-23,愛知県,3262135,1961214,1300921,2021-07-19,IPPAN,2021-07-19,6015970,0.542245888859153
JP-24,三重県,798,798,0,2021-04-25,KOREI,2021-04-28,NA,NA
JP-24,三重県,2596,2596,0,2021-05-05,KOREI,2021-05-06,NA,NA
JP-24,三重県,3745,3744,1,2021-05-09,KOREI,2021-05-10,NA,NA
JP-24,三重県,12264,11582,682,2021-05-16,KOREI,2021-05-17,NA,NA
JP-24,三重県,26415,24552,1863,2021-05-23,KOREI,2021-05-24,NA,NA
JP-24,三重県,41143,28421,12722,2021-04-23,IRYO,2021-04-28,NA,NA
JP-24,三重県,44789,41414,3375,2021-05-30,KOREI,2021-05-31,NA,NA
JP-24,三重県,54231,39872,14359,2021-04-30,IRYO,2021-05-06,NA,NA
JP-24,三重県,62321,45350,16971,2021-05-07,IRYO,2021-05-10,NA,NA
JP-24,三重県,81601,53575,28026,2021-05-14,IRYO,2021-05-17,NA,NA
JP-24,三重県,98674,59471,39203,2021-05-21,IRYO,2021-05-24,NA,NA
JP-24,三重県,110218,65128,45090,2021-05-28,IRYO,2021-05-31,NA,NA
JP-24,三重県,123009,70084,52925,2021-06-04,IRYO,2021-06-07,NA,NA
JP-24,三重県,129697,116237,13460,2021-06-06,KOREI,2021-06-07,NA,NA
JP-24,三重県,133148,73826,59322,2021-06-11,IRYO,2021-06-14,NA,NA
JP-24,三重県,145255,78609,66646,2021-06-18,IRYO,2021-06-21,NA,NA
JP-24,三重県,152362,81526,70836,2021-06-25,IRYO,2021-06-28,NA,NA
JP-24,三重県,156789,83102,73687,2021-07-02,IRYO,2021-07-05,NA,NA
JP-24,三重県,162249,85649,76600,2021-07-12,IRYO,2021-07-13,NA,NA
JP-24,三重県,166200,87688,78512,2021-07-19,IRYO,2021-07-19,NA,NA
JP-24,三重県,222732,190930,31802,2021-06-13,KOREI,2021-06-14,NA,NA
JP-24,三重県,365087,288908,76179,2021-06-20,KOREI,2021-06-21,NA,NA
JP-24,三重県,378954,292196,86758,2021-06-21,IPPAN,2021-06-27,NA,NA
JP-24,三重県,487031,344092,142939,2021-06-27,IPPAN,2021-06-28,NA,NA
JP-24,三重県,614636,403625,211011,2021-07-04,IPPAN,2021-07-05,NA,NA
JP-24,三重県,761713,473006,288707,2021-07-12,IPPAN,2021-07-13,NA,NA
JP-24,三重県,894721,544728,349993,2021-07-19,IPPAN,2021-07-19,1366825,0.65459806485834
JP-25,滋賀県,1229,1229,0,2021-04-25,KOREI,2021-04-28,NA,NA
JP-25,滋賀県,4658,4658,0,2021-05-05,KOREI,2021-05-06,NA,NA
JP-25,滋賀県,8991,8991,0,2021-05-09,KOREI,2021-05-10,NA,NA
JP-25,滋賀県,19336,18598,738,2021-05-16,KOREI,2021-05-17,NA,NA
JP-25,滋賀県,28301,18440,9861,2021-04-23,IRYO,2021-04-28,NA,NA
JP-25,滋賀県,37002,34011,2991,2021-05-23,KOREI,2021-05-24,NA,NA
JP-25,滋賀県,37541,27262,10279,2021-04-30,IRYO,2021-05-06,NA,NA
JP-25,滋賀県,47662,35145,12517,2021-05-07,IRYO,2021-05-10,NA,NA
JP-25,滋賀県,56686,38688,17998,2021-05-14,IRYO,2021-05-17,NA,NA
JP-25,滋賀県,63064,57638,5426,2021-05-30,KOREI,2021-05-31,NA,NA
JP-25,滋賀県,71126,42724,28402,2021-05-21,IRYO,2021-05-24,NA,NA
JP-25,滋賀県,78779,46622,32157,2021-05-28,IRYO,2021-05-31,NA,NA
JP-25,滋賀県,86619,51309,35310,2021-06-04,IRYO,2021-06-07,NA,NA
JP-25,滋賀県,93727,53175,40552,2021-06-11,IRYO,2021-06-14,NA,NA
JP-25,滋賀県,99031,54310,44721,2021-06-18,IRYO,2021-06-21,NA,NA
JP-25,滋賀県,103400,56116,47284,2021-06-25,IRYO,2021-06-28,NA,NA
JP-25,滋賀県,109335,57988,51347,2021-07-02,IRYO,2021-07-05,NA,NA
JP-25,滋賀県,111323,97980,13343,2021-06-06,KOREI,2021-06-07,NA,NA
JP-25,滋賀県,113417,60155,53262,2021-07-12,IRYO,2021-07-13,NA,NA
JP-25,滋賀県,116374,61947,54427,2021-07-19,IRYO,2021-07-19,NA,NA
JP-25,滋賀県,171220,137305,33915,2021-06-13,KOREI,2021-06-14,NA,NA
JP-25,滋賀県,231046,176565,54481,2021-06-20,KOREI,2021-06-21,NA,NA
JP-25,滋賀県,242058,183442,58616,2021-06-21,IPPAN,2021-06-27,NA,NA
JP-25,滋賀県,306856,221066,85790,2021-06-27,IPPAN,2021-06-28,NA,NA
JP-25,滋賀県,389965,268001,121964,2021-07-04,IPPAN,2021-07-05,NA,NA
JP-25,滋賀県,527987,340802,187185,2021-07-12,IPPAN,2021-07-13,NA,NA
JP-25,滋賀県,636305,396130,240175,2021-07-19,IPPAN,2021-07-19,1069050,0.595206024040036
JP-26,京都府,741,741,0,2021-04-25,KOREI,2021-04-28,NA,NA
JP-26,京都府,1785,1785,0,2021-05-05,KOREI,2021-05-06,NA,NA
JP-26,京都府,2190,2121,69,2021-05-09,KOREI,2021-05-10,NA,NA
JP-26,京都府,12380,11696,684,2021-05-16,KOREI,2021-05-17,NA,NA
JP-26,京都府,49415,47354,2061,2021-05-23,KOREI,2021-05-24,NA,NA
JP-26,京都府,52706,35096,17610,2021-04-23,IRYO,2021-04-28,NA,NA
JP-26,京都府,73992,54241,19751,2021-04-30,IRYO,2021-05-06,NA,NA
JP-26,京都府,85754,62704,23050,2021-05-07,IRYO,2021-05-10,NA,NA
JP-26,京都府,103673,69143,34530,2021-05-14,IRYO,2021-05-17,NA,NA
JP-26,京都府,117876,114859,3017,2021-05-30,KOREI,2021-05-31,NA,NA
JP-26,京都府,133450,80917,52533,2021-05-21,IRYO,2021-05-24,NA,NA
JP-26,京都府,152986,91588,61398,2021-05-28,IRYO,2021-05-31,NA,NA
JP-26,京都府,171473,101351,70122,2021-06-04,IRYO,2021-06-07,NA,NA
JP-26,京都府,191219,111112,80107,2021-06-11,IRYO,2021-06-14,NA,NA
JP-26,京都府,206239,117051,89188,2021-06-18,IRYO,2021-06-21,NA,NA
JP-26,京都府,206971,193549,13422,2021-06-06,KOREI,2021-06-07,NA,NA
JP-26,京都府,220728,121810,98918,2021-06-25,IRYO,2021-06-28,NA,NA
JP-26,京都府,236302,130666,105636,2021-07-02,IRYO,2021-07-05,NA,NA
JP-26,京都府,245579,134197,111382,2021-07-12,IRYO,2021-07-13,NA,NA
JP-26,京都府,254597,139232,115365,2021-07-19,IRYO,2021-07-19,NA,NA
JP-26,京都府,322150,271772,50378,2021-06-13,KOREI,2021-06-14,NA,NA
JP-26,京都府,468944,350240,118704,2021-06-20,KOREI,2021-06-21,NA,NA
JP-26,京都府,502577,367067,135510,2021-06-21,IPPAN,2021-06-27,NA,NA
JP-26,京都府,654096,448515,205581,2021-06-27,IPPAN,2021-06-28,NA,NA
JP-26,京都府,805562,516463,289099,2021-07-04,IPPAN,2021-07-05,NA,NA
JP-26,京都府,1025535,639158,386377,2021-07-12,IPPAN,2021-07-13,NA,NA
JP-26,京都府,1203633,728064,475569,2021-07-19,IPPAN,2021-07-19,2058035,0.584845738775094
JP-27,大阪府,2460,2460,0,2021-04-25,KOREI,2021-04-28,NA,NA
JP-27,大阪府,9789,9789,0,2021-05-05,KOREI,2021-05-06,NA,NA
JP-27,大阪府,15439,15270,169,2021-05-09,KOREI,2021-05-10,NA,NA
JP-27,大阪府,43549,40943,2606,2021-05-16,KOREI,2021-05-17,NA,NA
JP-27,大阪府,115756,108816,6940,2021-05-23,KOREI,2021-05-24,NA,NA
JP-27,大阪府,166230,105584,60646,2021-04-23,IRYO,2021-04-28,NA,NA
JP-27,大阪府,210867,138627,72240,2021-04-30,IRYO,2021-05-06,NA,NA
JP-27,大阪府,233690,155198,78492,2021-05-07,IRYO,2021-05-10,NA,NA
JP-27,大阪府,292376,275758,16618,2021-05-30,KOREI,2021-05-31,NA,NA
JP-27,大阪府,303189,201181,102008,2021-05-14,IRYO,2021-05-17,NA,NA
JP-27,大阪府,370588,232809,137779,2021-05-21,IRYO,2021-05-24,NA,NA
JP-27,大阪府,418547,261035,157512,2021-05-28,IRYO,2021-05-31,NA,NA
JP-27,大阪府,490365,294234,196131,2021-06-04,IRYO,2021-06-07,NA,NA
JP-27,大阪府,519719,478553,41166,2021-06-06,KOREI,2021-06-07,NA,NA
JP-27,大阪府,546454,321849,224605,2021-06-11,IRYO,2021-06-14,NA,NA
JP-27,大阪府,591725,342279,249446,2021-06-18,IRYO,2021-06-21,NA,NA
JP-27,大阪府,642062,360286,281776,2021-06-25,IRYO,2021-06-28,NA,NA
JP-27,大阪府,680919,374362,306557,2021-07-02,IRYO,2021-07-05,NA,NA
JP-27,大阪府,718506,389647,328859,2021-07-12,IRYO,2021-07-13,NA,NA
JP-27,大阪府,749993,402721,347272,2021-07-19,IRYO,2021-07-19,NA,NA
JP-27,大阪府,843191,734400,108791,2021-06-13,KOREI,2021-06-14,NA,NA
JP-27,大阪府,1287904,1036071,251833,2021-06-20,KOREI,2021-06-21,NA,NA
JP-27,大阪府,1330496,1059738,270758,2021-06-21,IPPAN,2021-06-27,NA,NA
JP-27,大阪府,1704612,1290558,414054,2021-06-27,IPPAN,2021-06-28,NA,NA
JP-27,大阪府,2228920,1554940,673980,2021-07-04,IPPAN,2021-07-05,NA,NA
JP-27,大阪府,2986673,1944316,1042357,2021-07-12,IPPAN,2021-07-13,NA,NA
JP-27,大阪府,3733818,2363296,1370522,2021-07-19,IPPAN,2021-07-19,7342975,0.508488453249534
JP-28,兵庫県,1457,1457,0,2021-04-25,KOREI,2021-04-28,NA,NA
JP-28,兵庫県,4474,4474,0,2021-05-05,KOREI,2021-05-06,NA,NA
JP-28,兵庫県,9199,9100,99,2021-05-09,KOREI,2021-05-10,NA,NA
JP-28,兵庫県,25217,23688,1529,2021-05-16,KOREI,2021-05-17,NA,NA
JP-28,兵庫県,76811,72782,4029,2021-05-23,KOREI,2021-05-24,NA,NA
JP-28,兵庫県,97906,67822,30084,2021-04-23,IRYO,2021-04-28,NA,NA
JP-28,兵庫県,121569,85999,35570,2021-04-30,IRYO,2021-05-06,NA,NA
JP-28,兵庫県,149956,104267,45689,2021-05-07,IRYO,2021-05-10,NA,NA
JP-28,兵庫県,160582,150640,9942,2021-05-30,KOREI,2021-05-31,NA,NA
JP-28,兵庫県,184990,122394,62596,2021-05-14,IRYO,2021-05-17,NA,NA
JP-28,兵庫県,233097,149314,83783,2021-05-21,IRYO,2021-05-24,NA,NA
JP-28,兵庫県,263532,164233,99299,2021-05-28,IRYO,2021-05-31,NA,NA
JP-28,兵庫県,287013,260943,26070,2021-06-06,KOREI,2021-06-07,NA,NA
JP-28,兵庫県,298855,179969,118886,2021-06-04,IRYO,2021-06-07,NA,NA
JP-28,兵庫県,367795,214176,153619,2021-06-11,IRYO,2021-06-14,NA,NA
JP-28,兵庫県,392473,223402,169071,2021-06-18,IRYO,2021-06-21,NA,NA
JP-28,兵庫県,427726,236228,191498,2021-06-25,IRYO,2021-06-28,NA,NA
JP-28,兵庫県,453757,246288,207469,2021-07-02,IRYO,2021-07-05,NA,NA
JP-28,兵庫県,478863,256762,222101,2021-07-12,IRYO,2021-07-13,NA,NA
JP-28,兵庫県,479007,401544,77463,2021-06-13,KOREI,2021-06-14,NA,NA
JP-28,兵庫県,490893,261788,229105,2021-07-19,IRYO,2021-07-19,NA,NA
JP-28,兵庫県,823900,660282,163618,2021-06-20,KOREI,2021-06-21,NA,NA
JP-28,兵庫県,884908,705440,179468,2021-06-21,IPPAN,2021-06-27,NA,NA
JP-28,兵庫県,1243001,932447,310554,2021-06-27,IPPAN,2021-06-28,NA,NA
JP-28,兵庫県,1709448,1204365,505083,2021-07-04,IPPAN,2021-07-05,NA,NA
JP-28,兵庫県,2239258,1480335,758923,2021-07-12,IPPAN,2021-07-13,NA,NA
JP-28,兵庫県,2677892,1687354,990538,2021-07-19,IPPAN,2021-07-19,4219400,0.63466180025596
JP-29,奈良県,1321,1321,0,2021-04-25,KOREI,2021-04-28,NA,NA
JP-29,奈良県,3659,3659,0,2021-05-05,KOREI,2021-05-06,NA,NA
JP-29,奈良県,5401,5290,111,2021-05-09,KOREI,2021-05-10,NA,NA
JP-29,奈良県,13725,12575,1150,2021-05-16,KOREI,2021-05-17,NA,NA
JP-29,奈良県,24181,21537,2644,2021-05-23,KOREI,2021-05-24,NA,NA
JP-29,奈良県,26943,17507,9436,2021-04-23,IRYO,2021-04-28,NA,NA
JP-29,奈良県,41758,31447,10311,2021-04-30,IRYO,2021-05-06,NA,NA
JP-29,奈良県,47112,35925,11187,2021-05-07,IRYO,2021-05-10,NA,NA
JP-29,奈良県,50154,46056,4098,2021-05-30,KOREI,2021-05-31,NA,NA
JP-29,奈良県,61471,43549,17922,2021-05-14,IRYO,2021-05-17,NA,NA
JP-29,奈良県,76903,48009,28894,2021-05-21,IRYO,2021-05-24,NA,NA
JP-29,奈良県,84519,73950,10569,2021-06-06,KOREI,2021-06-07,NA,NA
JP-29,奈良県,92181,54540,37641,2021-05-28,IRYO,2021-05-31,NA,NA
JP-29,奈良県,102700,57854,44846,2021-06-04,IRYO,2021-06-07,NA,NA
JP-29,奈良県,112198,61075,51123,2021-06-11,IRYO,2021-06-14,NA,NA
JP-29,奈良県,117977,63850,54127,2021-06-18,IRYO,2021-06-21,NA,NA
JP-29,奈良県,122816,66222,56594,2021-06-25,IRYO,2021-06-28,NA,NA
JP-29,奈良県,128892,68789,60103,2021-07-02,IRYO,2021-07-05,NA,NA
JP-29,奈良県,133320,70554,62766,2021-07-12,IRYO,2021-07-13,NA,NA
JP-29,奈良県,136086,71475,64611,2021-07-19,IRYO,2021-07-19,NA,NA
JP-29,奈良県,159441,132566,26875,2021-06-13,KOREI,2021-06-14,NA,NA
JP-29,奈良県,251454,196813,54641,2021-06-20,KOREI,2021-06-21,NA,NA
JP-29,奈良県,261891,205329,56562,2021-06-21,IPPAN,2021-06-27,NA,NA
JP-29,奈良県,334983,251377,83606,2021-06-27,IPPAN,2021-06-28,NA,NA
JP-29,奈良県,450387,313913,136474,2021-07-04,IPPAN,2021-07-05,NA,NA
JP-29,奈良県,580844,381689,199155,2021-07-12,IPPAN,2021-07-13,NA,NA
JP-29,奈良県,688269,421309,266960,2021-07-19,IPPAN,2021-07-19,1082760,0.635661642469245
JP-30,和歌山県,3049,3049,0,2021-04-25,KOREI,2021-04-28,NA,NA
JP-30,和歌山県,7449,7449,0,2021-05-05,KOREI,2021-05-06,NA,NA
JP-30,和歌山県,12174,11757,417,2021-05-09,KOREI,2021-05-10,NA,NA
JP-30,和歌山県,27047,18367,8680,2021-04-23,IRYO,2021-04-28,NA,NA
JP-30,和歌山県,32088,29270,2818,2021-05-16,KOREI,2021-05-17,NA,NA
JP-30,和歌山県,37003,26207,10796,2021-04-30,IRYO,2021-05-06,NA,NA
JP-30,和歌山県,40201,28574,11627,2021-05-07,IRYO,2021-05-10,NA,NA
JP-30,和歌山県,49393,31665,17728,2021-05-14,IRYO,2021-05-17,NA,NA
JP-30,和歌山県,60009,35328,24681,2021-05-21,IRYO,2021-05-24,NA,NA
JP-30,和歌山県,62030,53976,8054,2021-05-23,KOREI,2021-05-24,NA,NA
JP-30,和歌山県,68056,39834,28222,2021-05-28,IRYO,2021-05-31,NA,NA
JP-30,和歌山県,74013,42635,31378,2021-06-04,IRYO,2021-06-07,NA,NA
JP-30,和歌山県,79193,44860,34333,2021-06-11,IRYO,2021-06-14,NA,NA
JP-30,和歌山県,84869,46504,38365,2021-06-18,IRYO,2021-06-21,NA,NA
JP-30,和歌山県,88705,48116,40589,2021-06-25,IRYO,2021-06-28,NA,NA
JP-30,和歌山県,93207,50461,42746,2021-07-02,IRYO,2021-07-05,NA,NA
JP-30,和歌山県,95086,82842,12244,2021-05-30,KOREI,2021-05-31,NA,NA
JP-30,和歌山県,97126,52297,44829,2021-07-12,IRYO,2021-07-13,NA,NA
JP-30,和歌山県,99718,53230,46488,2021-07-19,IRYO,2021-07-19,NA,NA
JP-30,和歌山県,144987,114653,30334,2021-06-06,KOREI,2021-06-07,NA,NA
JP-30,和歌山県,200276,145024,55252,2021-06-13,KOREI,2021-06-14,NA,NA
JP-30,和歌山県,274612,184517,90095,2021-06-20,KOREI,2021-06-21,NA,NA
JP-30,和歌山県,286669,191529,95140,2021-06-21,IPPAN,2021-06-27,NA,NA
JP-30,和歌山県,338810,215693,123117,2021-06-27,IPPAN,2021-06-28,NA,NA
JP-30,和歌山県,409595,253367,156228,2021-07-04,IPPAN,2021-07-05,NA,NA
JP-30,和歌山県,504745,308748,195997,2021-07-12,IPPAN,2021-07-13,NA,NA
JP-30,和歌山県,583842,352537,231305,2021-07-19,IPPAN,2021-07-19,952035,0.613256865556413
JP-31,鳥取県,2180,2180,0,2021-04-25,KOREI,2021-04-28,NA,NA
JP-31,鳥取県,4641,4641,0,2021-05-05,KOREI,2021-05-06,NA,NA
JP-31,鳥取県,6618,6599,19,2021-05-09,KOREI,2021-05-10,NA,NA
JP-31,鳥取県,12874,11010,1864,2021-05-16,KOREI,2021-05-17,NA,NA
JP-31,鳥取県,18161,11523,6638,2021-04-23,IRYO,2021-04-28,NA,NA
JP-31,鳥取県,24468,20196,4272,2021-05-23,KOREI,2021-05-24,NA,NA
JP-31,鳥取県,24532,17517,7015,2021-04-30,IRYO,2021-05-06,NA,NA
JP-31,鳥取県,25037,17980,7057,2021-05-07,IRYO,2021-05-10,NA,NA
JP-31,鳥取県,30767,19833,10934,2021-05-14,IRYO,2021-05-17,NA,NA
JP-31,鳥取県,33960,19495,14465,2021-05-21,IRYO,2021-05-24,NA,NA
JP-31,鳥取県,35878,20393,15485,2021-05-28,IRYO,2021-05-31,NA,NA
JP-31,鳥取県,46337,39814,6523,2021-05-30,KOREI,2021-05-31,NA,NA
JP-31,鳥取県,46482,26504,19978,2021-06-04,IRYO,2021-06-07,NA,NA
JP-31,鳥取県,49279,28076,21203,2021-06-11,IRYO,2021-06-14,NA,NA
JP-31,鳥取県,51084,29236,21848,2021-06-18,IRYO,2021-06-21,NA,NA
JP-31,鳥取県,55866,30786,25080,2021-06-25,IRYO,2021-06-28,NA,NA
JP-31,鳥取県,59623,31569,28054,2021-07-02,IRYO,2021-07-05,NA,NA
JP-31,鳥取県,61491,32385,29106,2021-07-12,IRYO,2021-07-13,NA,NA
JP-31,鳥取県,63006,33094,29912,2021-07-19,IRYO,2021-07-19,NA,NA
JP-31,鳥取県,74446,62650,11796,2021-06-06,KOREI,2021-06-07,NA,NA
JP-31,鳥取県,107670,85591,22079,2021-06-13,KOREI,2021-06-14,NA,NA
JP-31,鳥取県,144714,102543,42171,2021-06-20,KOREI,2021-06-21,NA,NA
JP-31,鳥取県,150166,104376,45790,2021-06-21,IPPAN,2021-06-27,NA,NA
JP-31,鳥取県,180682,118176,62506,2021-06-27,IPPAN,2021-06-28,NA,NA
JP-31,鳥取県,218682,134303,84379,2021-07-04,IPPAN,2021-07-05,NA,NA
JP-31,鳥取県,259672,159196,100476,2021-07-12,IPPAN,2021-07-13,NA,NA
JP-31,鳥取県,299281,182254,117027,2021-07-19,IPPAN,2021-07-19,490700,0.609906256368453
JP-32,島根県,819,819,0,2021-04-25,KOREI,2021-04-28,NA,NA
JP-32,島根県,2989,2989,0,2021-05-05,KOREI,2021-05-06,NA,NA
JP-32,島根県,4006,3969,37,2021-05-09,KOREI,2021-05-10,NA,NA
JP-32,島根県,9694,8891,803,2021-05-16,KOREI,2021-05-17,NA,NA
JP-32,島根県,17454,14803,2651,2021-05-23,KOREI,2021-05-24,NA,NA
JP-32,島根県,18176,12180,5996,2021-04-23,IRYO,2021-04-28,NA,NA
JP-32,島根県,24806,17773,7033,2021-04-30,IRYO,2021-05-06,NA,NA
JP-32,島根県,28004,20664,7340,2021-05-07,IRYO,2021-05-10,NA,NA
JP-32,島根県,35045,24374,10671,2021-05-14,IRYO,2021-05-17,NA,NA
JP-32,島根県,35118,30834,4284,2021-05-30,KOREI,2021-05-31,NA,NA
JP-32,島根県,45369,27862,17507,2021-05-21,IRYO,2021-05-24,NA,NA
JP-32,島根県,50968,31669,19299,2021-05-28,IRYO,2021-05-31,NA,NA
JP-32,島根県,57061,34789,22272,2021-06-04,IRYO,2021-06-07,NA,NA
JP-32,島根県,60907,35857,25050,2021-06-11,IRYO,2021-06-14,NA,NA
JP-32,島根県,66156,36921,29235,2021-06-18,IRYO,2021-06-21,NA,NA
JP-32,島根県,66515,57217,9298,2021-06-06,KOREI,2021-06-07,NA,NA
JP-32,島根県,69112,37736,31376,2021-06-25,IRYO,2021-06-28,NA,NA
JP-32,島根県,70906,38480,32426,2021-07-02,IRYO,2021-07-05,NA,NA
JP-32,島根県,72372,39181,33191,2021-07-12,IRYO,2021-07-13,NA,NA
JP-32,島根県,73911,40092,33819,2021-07-19,IRYO,2021-07-19,NA,NA
JP-32,島根県,103160,88279,14881,2021-06-13,KOREI,2021-06-14,NA,NA
JP-32,島根県,151636,117942,33694,2021-06-20,KOREI,2021-06-21,NA,NA
JP-32,島根県,160044,122256,37788,2021-06-21,IPPAN,2021-06-27,NA,NA
JP-32,島根県,199966,139695,60271,2021-06-27,IPPAN,2021-06-28,NA,NA
JP-32,島根県,249773,159221,90552,2021-07-04,IPPAN,2021-07-05,NA,NA
JP-32,島根県,303400,184735,118665,2021-07-12,IPPAN,2021-07-13,NA,NA
JP-32,島根県,352753,213077,139676,2021-07-19,IPPAN,2021-07-19,558860,0.631201016354722
JP-33,岡山県,727,727,0,2021-04-25,KOREI,2021-04-28,NA,NA
JP-33,岡山県,1746,1746,0,2021-05-05,KOREI,2021-05-06,NA,NA
JP-33,岡山県,2493,2367,126,2021-05-09,KOREI,2021-05-10,NA,NA
JP-33,岡山県,7204,6330,874,2021-05-16,KOREI,2021-05-17,NA,NA
JP-33,岡山県,44632,30699,13933,2021-04-23,IRYO,2021-04-28,NA,NA
JP-33,岡山県,46152,43884,2268,2021-05-23,KOREI,2021-05-24,NA,NA
JP-33,岡山県,62681,46026,16655,2021-04-30,IRYO,2021-05-06,NA,NA
JP-33,岡山県,68993,51696,17297,2021-05-07,IRYO,2021-05-10,NA,NA
JP-33,岡山県,90758,64248,26510,2021-05-14,IRYO,2021-05-17,NA,NA
JP-33,岡山県,114049,72730,41319,2021-05-21,IRYO,2021-05-24,NA,NA
JP-33,岡山県,114956,111048,3908,2021-05-30,KOREI,2021-05-31,NA,NA
JP-33,岡山県,131821,84431,47390,2021-05-28,IRYO,2021-05-31,NA,NA
JP-33,岡山県,155102,92469,62633,2021-06-04,IRYO,2021-06-07,NA,NA
JP-33,岡山県,173486,101209,72277,2021-06-11,IRYO,2021-06-14,NA,NA
JP-33,岡山県,188111,105731,82380,2021-06-18,IRYO,2021-06-21,NA,NA
JP-33,岡山県,203212,113583,89629,2021-06-25,IRYO,2021-06-28,NA,NA
JP-33,岡山県,207159,200415,6744,2021-06-06,KOREI,2021-06-07,NA,NA
JP-33,岡山県,215183,119242,95941,2021-07-02,IRYO,2021-07-05,NA,NA
JP-33,岡山県,227831,128064,99767,2021-07-12,IRYO,2021-07-13,NA,NA
JP-33,岡山県,236783,131852,104931,2021-07-19,IRYO,2021-07-19,NA,NA
JP-33,岡山県,315135,272955,42180,2021-06-13,KOREI,2021-06-14,NA,NA
JP-33,岡山県,437240,328434,108806,2021-06-20,KOREI,2021-06-21,NA,NA
JP-33,岡山県,460574,337849,122725,2021-06-21,IPPAN,2021-06-27,NA,NA
JP-33,岡山県,564181,377197,186984,2021-06-27,IPPAN,2021-06-28,NA,NA
JP-33,岡山県,687480,431686,255794,2021-07-04,IPPAN,2021-07-05,NA,NA
JP-33,岡山県,858853,530037,328816,2021-07-12,IPPAN,2021-07-13,NA,NA
JP-33,岡山県,998858,619928,378930,2021-07-19,IPPAN,2021-07-19,1629760,0.612886559984292
JP-34,広島県,2238,2238,0,2021-04-25,KOREI,2021-04-28,NA,NA
JP-34,広島県,7786,7786,0,2021-05-05,KOREI,2021-05-06,NA,NA
JP-34,広島県,9856,9158,698,2021-05-09,KOREI,2021-05-10,NA,NA
JP-34,広島県,21396,18818,2578,2021-05-16,KOREI,2021-05-17,NA,NA
JP-34,広島県,46554,40322,6232,2021-05-23,KOREI,2021-05-24,NA,NA
JP-34,広島県,67332,46109,21223,2021-04-23,IRYO,2021-04-28,NA,NA
JP-34,広島県,94828,69739,25089,2021-04-30,IRYO,2021-05-06,NA,NA
JP-34,広島県,98113,88337,9776,2021-05-30,KOREI,2021-05-31,NA,NA
JP-34,広島県,103296,76197,27099,2021-05-07,IRYO,2021-05-10,NA,NA
JP-34,広島県,129875,87198,42677,2021-05-14,IRYO,2021-05-17,NA,NA
JP-34,広島県,164780,99244,65536,2021-05-21,IRYO,2021-05-24,NA,NA
JP-34,広島県,169357,150805,18552,2021-06-06,KOREI,2021-06-07,NA,NA
JP-34,広島県,184372,110281,74091,2021-05-28,IRYO,2021-05-31,NA,NA
JP-34,広島県,204067,119343,84724,2021-06-04,IRYO,2021-06-07,NA,NA
JP-34,広島県,219604,125863,93741,2021-06-11,IRYO,2021-06-14,NA,NA
JP-34,広島県,240480,134869,105611,2021-06-18,IRYO,2021-06-21,NA,NA
JP-34,広島県,255391,142529,112862,2021-06-25,IRYO,2021-06-28,NA,NA
JP-34,広島県,268672,148042,120630,2021-07-02,IRYO,2021-07-05,NA,NA
JP-34,広島県,276576,148368,128208,2021-07-12,IRYO,2021-07-13,NA,NA
JP-34,広島県,278378,238281,40097,2021-06-13,KOREI,2021-06-14,NA,NA
JP-34,広島県,288707,154792,133915,2021-07-19,IRYO,2021-07-19,NA,NA
JP-34,広島県,435432,347133,88299,2021-06-20,KOREI,2021-06-21,NA,NA
JP-34,広島県,462136,364641,97495,2021-06-21,IPPAN,2021-06-27,NA,NA
JP-34,広島県,623453,470759,152694,2021-06-27,IPPAN,2021-06-28,NA,NA
JP-34,広島県,833046,578027,255019,2021-07-04,IPPAN,2021-07-05,NA,NA
JP-34,広島県,1062387,690562,371825,2021-07-12,IPPAN,2021-07-13,NA,NA
JP-34,広島県,1271653,787360,484293,2021-07-19,IPPAN,2021-07-19,2177050,0.584117498449737
JP-35,山口県,2935,2935,0,2021-04-25,KOREI,2021-04-28,NA,NA
JP-35,山口県,6088,6088,0,2021-05-05,KOREI,2021-05-06,NA,NA
JP-35,山口県,7646,7138,508,2021-05-09,KOREI,2021-05-10,NA,NA
JP-35,山口県,33131,30540,2591,2021-05-16,KOREI,2021-05-17,NA,NA
JP-35,山口県,42646,25814,16832,2021-04-23,IRYO,2021-04-28,NA,NA
JP-35,山口県,61256,42490,18766,2021-04-30,IRYO,2021-05-06,NA,NA
JP-35,山口県,65528,45438,20090,2021-05-07,IRYO,2021-05-10,NA,NA
JP-35,山口県,72126,66402,5724,2021-05-23,KOREI,2021-05-24,NA,NA
JP-35,山口県,77621,52128,25493,2021-05-14,IRYO,2021-05-17,NA,NA
JP-35,山口県,98275,59625,38650,2021-05-21,IRYO,2021-05-24,NA,NA
JP-35,山口県,116127,66468,49659,2021-05-28,IRYO,2021-05-31,NA,NA
JP-35,山口県,121114,114017,7097,2021-05-30,KOREI,2021-05-31,NA,NA
JP-35,山口県,125064,70745,54319,2021-06-04,IRYO,2021-06-07,NA,NA
JP-35,山口県,134703,75115,59588,2021-06-11,IRYO,2021-06-14,NA,NA
JP-35,山口県,144054,79042,65012,2021-06-18,IRYO,2021-06-21,NA,NA
JP-35,山口県,151052,82396,68656,2021-06-25,IRYO,2021-06-28,NA,NA
JP-35,山口県,157935,85906,72029,2021-07-02,IRYO,2021-07-05,NA,NA
JP-35,山口県,167426,91283,76143,2021-07-12,IRYO,2021-07-13,NA,NA
JP-35,山口県,176647,98012,78635,2021-07-19,IRYO,2021-07-19,NA,NA
JP-35,山口県,193313,163305,30008,2021-06-06,KOREI,2021-06-07,NA,NA
JP-35,山口県,285750,217897,67853,2021-06-13,KOREI,2021-06-14,NA,NA
JP-35,山口県,385690,264197,121493,2021-06-20,KOREI,2021-06-21,NA,NA
JP-35,山口県,403463,273258,130205,2021-06-21,IPPAN,2021-06-27,NA,NA
JP-35,山口県,498226,325968,172258,2021-06-27,IPPAN,2021-06-28,NA,NA
JP-35,山口県,604446,378907,225539,2021-07-04,IPPAN,2021-07-05,NA,NA
JP-35,山口県,723891,450050,273841,2021-07-12,IPPAN,2021-07-13,NA,NA
JP-35,山口県,841609,509856,331753,2021-07-19,IPPAN,2021-07-19,1466085,0.574051981979217
JP-36,徳島県,1014,1014,0,2021-04-25,KOREI,2021-04-28,NA,NA
JP-36,徳島県,3884,3884,0,2021-05-05,KOREI,2021-05-06,NA,NA
JP-36,徳島県,4981,4980,1,2021-05-09,KOREI,2021-05-10,NA,NA
JP-36,徳島県,11298,10379,919,2021-05-16,KOREI,2021-05-17,NA,NA
JP-36,徳島県,22282,19318,2964,2021-05-23,KOREI,2021-05-24,NA,NA
JP-36,徳島県,25013,17125,7888,2021-04-23,IRYO,2021-04-28,NA,NA
JP-36,徳島県,35390,26533,8857,2021-04-30,IRYO,2021-05-06,NA,NA
JP-36,徳島県,39017,29576,9441,2021-05-07,IRYO,2021-05-10,NA,NA
JP-36,徳島県,40125,35639,4486,2021-05-30,KOREI,2021-05-31,NA,NA
JP-36,徳島県,49262,33161,16101,2021-05-14,IRYO,2021-05-17,NA,NA
JP-36,徳島県,63095,37554,25541,2021-05-21,IRYO,2021-05-24,NA,NA
JP-36,徳島県,69163,39894,29269,2021-05-28,IRYO,2021-05-31,NA,NA
JP-36,徳島県,74486,42656,31830,2021-06-04,IRYO,2021-06-07,NA,NA
JP-36,徳島県,77797,67102,10695,2021-06-06,KOREI,2021-06-07,NA,NA
JP-36,徳島県,82668,45726,36942,2021-06-11,IRYO,2021-06-14,NA,NA
JP-36,徳島県,86668,47228,39440,2021-06-18,IRYO,2021-06-21,NA,NA
JP-36,徳島県,89232,47824,41408,2021-06-25,IRYO,2021-06-28,NA,NA
JP-36,徳島県,93924,49592,44332,2021-07-02,IRYO,2021-07-05,NA,NA
JP-36,徳島県,95477,50341,45136,2021-07-12,IRYO,2021-07-13,NA,NA
JP-36,徳島県,96713,50925,45788,2021-07-19,IRYO,2021-07-19,NA,NA
JP-36,徳島県,117282,97036,20246,2021-06-13,KOREI,2021-06-14,NA,NA
JP-36,徳島県,166307,125414,40893,2021-06-20,KOREI,2021-06-21,NA,NA
JP-36,徳島県,175538,130348,45190,2021-06-21,IPPAN,2021-06-27,NA,NA
JP-36,徳島県,221222,149393,71829,2021-06-27,IPPAN,2021-06-28,NA,NA
JP-36,徳島県,285174,178984,106190,2021-07-04,IPPAN,2021-07-05,NA,NA
JP-36,徳島県,354642,217602,137040,2021-07-12,IPPAN,2021-07-13,NA,NA
JP-36,徳島県,403133,242606,160527,2021-07-19,IPPAN,2021-07-19,670615,0.601139252775437
JP-37,香川県,2147,2147,0,2021-04-25,KOREI,2021-04-28,NA,NA
JP-37,香川県,6524,6524,0,2021-05-05,KOREI,2021-05-06,NA,NA
JP-37,香川県,9031,8634,397,2021-05-09,KOREI,2021-05-10,NA,NA
JP-37,香川県,17414,15070,2344,2021-05-16,KOREI,2021-05-17,NA,NA
JP-37,香川県,25506,17431,8075,2021-04-23,IRYO,2021-04-28,NA,NA
JP-37,香川県,31338,25644,5694,2021-05-23,KOREI,2021-05-24,NA,NA
JP-37,香川県,34222,23436,10786,2021-04-30,IRYO,2021-05-06,NA,NA
JP-37,香川県,38654,26037,12617,2021-05-07,IRYO,2021-05-10,NA,NA
JP-37,香川県,45931,29299,16632,2021-05-14,IRYO,2021-05-17,NA,NA
JP-37,香川県,52372,43496,8876,2021-05-30,KOREI,2021-05-31,NA,NA
JP-37,香川県,56359,33520,22839,2021-05-21,IRYO,2021-05-24,NA,NA
JP-37,香川県,66027,39215,26812,2021-05-28,IRYO,2021-05-31,NA,NA
JP-37,香川県,71546,41435,30111,2021-06-04,IRYO,2021-06-07,NA,NA
JP-37,香川県,77645,43903,33742,2021-06-11,IRYO,2021-06-14,NA,NA
JP-37,香川県,84707,46638,38069,2021-06-18,IRYO,2021-06-21,NA,NA
JP-37,香川県,88652,48383,40269,2021-06-25,IRYO,2021-06-28,NA,NA
JP-37,香川県,93344,50594,42750,2021-07-02,IRYO,2021-07-05,NA,NA
JP-37,香川県,95317,75382,19935,2021-06-06,KOREI,2021-06-07,NA,NA
JP-37,香川県,97452,52316,45136,2021-07-12,IRYO,2021-07-13,NA,NA
JP-37,香川県,100981,53526,47455,2021-07-19,IRYO,2021-07-19,NA,NA
JP-37,香川県,150788,120424,30364,2021-06-13,KOREI,2021-06-14,NA,NA
JP-37,香川県,196797,143141,53656,2021-06-21,IPPAN,2021-06-27,NA,NA
JP-37,香川県,199018,150187,48831,2021-06-20,KOREI,2021-06-21,NA,NA
JP-37,香川県,223702,156933,66769,2021-06-27,IPPAN,2021-06-28,NA,NA
JP-37,香川県,284086,187124,96962,2021-07-04,IPPAN,2021-07-05,NA,NA
JP-37,香川県,386807,242145,144662,2021-07-12,IPPAN,2021-07-13,NA,NA
JP-37,香川県,474055,281919,192136,2021-07-19,IPPAN,2021-07-19,766780,0.61824121651582
JP-38,愛媛県,993,993,0,2021-04-25,KOREI,2021-04-28,NA,NA
JP-38,愛媛県,2447,2447,0,2021-05-05,KOREI,2021-05-06,NA,NA
JP-38,愛媛県,3050,3032,18,2021-05-09,KOREI,2021-05-10,NA,NA
JP-38,愛媛県,7475,7052,423,2021-05-16,KOREI,2021-05-17,NA,NA
JP-38,愛媛県,15468,13933,1535,2021-05-23,KOREI,2021-05-24,NA,NA
JP-38,愛媛県,36135,24625,11510,2021-04-23,IRYO,2021-04-28,NA,NA
JP-38,愛媛県,46755,43033,3722,2021-05-30,KOREI,2021-05-31,NA,NA
JP-38,愛媛県,54275,40769,13506,2021-04-30,IRYO,2021-05-06,NA,NA
JP-38,愛媛県,60266,45291,14975,2021-05-07,IRYO,2021-05-10,NA,NA
JP-38,愛媛県,74698,49689,25009,2021-05-14,IRYO,2021-05-17,NA,NA
JP-38,愛媛県,93017,82452,10565,2021-06-06,KOREI,2021-06-07,NA,NA
JP-38,愛媛県,96821,55591,41230,2021-05-21,IRYO,2021-05-24,NA,NA
JP-38,愛媛県,108831,62309,46522,2021-05-28,IRYO,2021-05-31,NA,NA
JP-38,愛媛県,115868,65718,50150,2021-06-04,IRYO,2021-06-07,NA,NA
JP-38,愛媛県,125139,70247,54892,2021-06-11,IRYO,2021-06-14,NA,NA
JP-38,愛媛県,135362,73823,61539,2021-06-18,IRYO,2021-06-21,NA,NA
JP-38,愛媛県,140763,76706,64057,2021-06-25,IRYO,2021-06-28,NA,NA
JP-38,愛媛県,146816,78956,67860,2021-07-02,IRYO,2021-07-05,NA,NA
JP-38,愛媛県,151498,79878,71620,2021-07-12,IRYO,2021-07-13,NA,NA
JP-38,愛媛県,154941,80669,74272,2021-07-19,IRYO,2021-07-19,NA,NA
JP-38,愛媛県,156328,135785,20543,2021-06-13,KOREI,2021-06-14,NA,NA
JP-38,愛媛県,236502,191001,45501,2021-06-20,KOREI,2021-06-21,NA,NA
JP-38,愛媛県,274843,215854,58989,2021-06-21,IPPAN,2021-06-27,NA,NA
JP-38,愛媛県,330715,247629,83086,2021-06-27,IPPAN,2021-06-28,NA,NA
JP-38,愛媛県,445544,310077,135467,2021-07-04,IPPAN,2021-07-05,NA,NA
JP-38,愛媛県,601693,391311,210382,2021-07-12,IPPAN,2021-07-13,NA,NA
JP-38,愛媛県,679635,424322,255313,2021-07-19,IPPAN,2021-07-19,1134430,0.59909822554058
JP-39,高知県,916,916,0,2021-04-25,KOREI,2021-04-28,NA,NA
JP-39,高知県,4177,4177,0,2021-05-05,KOREI,2021-05-06,NA,NA
JP-39,高知県,6587,6470,117,2021-05-09,KOREI,2021-05-10,NA,NA
JP-39,高知県,21852,20721,1131,2021-05-16,KOREI,2021-05-17,NA,NA
JP-39,高知県,26527,16818,9709,2021-04-23,IRYO,2021-04-28,NA,NA
JP-39,高知県,32500,29580,2920,2021-05-23,KOREI,2021-05-24,NA,NA
JP-39,高知県,34602,22888,11714,2021-04-30,IRYO,2021-05-06,NA,NA
JP-39,高知県,37115,24006,13109,2021-05-07,IRYO,2021-05-10,NA,NA
JP-39,高知県,45924,28322,17602,2021-05-14,IRYO,2021-05-17,NA,NA
JP-39,高知県,52787,30463,22324,2021-05-21,IRYO,2021-05-24,NA,NA
JP-39,高知県,59009,33314,25695,2021-05-28,IRYO,2021-05-31,NA,NA
JP-39,高知県,60156,55144,5012,2021-05-30,KOREI,2021-05-31,NA,NA
JP-39,高知県,63709,35218,28491,2021-06-04,IRYO,2021-06-07,NA,NA
JP-39,高知県,66545,36208,30337,2021-06-11,IRYO,2021-06-14,NA,NA
JP-39,高知県,70205,37803,32402,2021-06-18,IRYO,2021-06-21,NA,NA
JP-39,高知県,74857,39972,34885,2021-06-25,IRYO,2021-06-28,NA,NA
JP-39,高知県,78854,42205,36649,2021-07-02,IRYO,2021-07-05,NA,NA
JP-39,高知県,81315,42903,38412,2021-07-12,IRYO,2021-07-13,NA,NA
JP-39,高知県,83662,43529,40133,2021-07-19,IRYO,2021-07-19,NA,NA
JP-39,高知県,92292,82744,9548,2021-06-06,KOREI,2021-06-07,NA,NA
JP-39,高知県,115994,98686,17308,2021-06-13,KOREI,2021-06-14,NA,NA
JP-39,高知県,194981,139857,55124,2021-06-20,KOREI,2021-06-21,NA,NA
JP-39,高知県,202440,143220,59220,2021-06-21,IPPAN,2021-06-27,NA,NA
JP-39,高知県,252462,166113,86349,2021-06-27,IPPAN,2021-06-28,NA,NA
JP-39,高知県,304553,190982,113571,2021-07-04,IPPAN,2021-07-05,NA,NA
JP-39,高知県,358971,222963,136008,2021-07-12,IPPAN,2021-07-13,NA,NA
JP-39,高知県,411973,249456,162517,2021-07-19,IPPAN,2021-07-19,669765,0.615100818943958
JP-40,福岡県,1169,1169,0,2021-04-25,KOREI,2021-04-28,NA,NA
JP-40,福岡県,4408,4408,0,2021-05-05,KOREI,2021-05-06,NA,NA
JP-40,福岡県,7529,7520,9,2021-05-09,KOREI,2021-05-10,NA,NA
JP-40,福岡県,21929,20087,1842,2021-05-16,KOREI,2021-05-17,NA,NA
JP-40,福岡県,73442,70888,2554,2021-05-23,KOREI,2021-05-24,NA,NA
JP-40,福岡県,109424,65686,43738,2021-04-23,IRYO,2021-04-28,NA,NA
JP-40,福岡県,145918,96417,49501,2021-04-30,IRYO,2021-05-06,NA,NA
JP-40,福岡県,162636,109771,52865,2021-05-07,IRYO,2021-05-10,NA,NA
JP-40,福岡県,182831,177298,5533,2021-05-30,KOREI,2021-05-31,NA,NA
JP-40,福岡県,202228,138038,64190,2021-05-14,IRYO,2021-05-17,NA,NA
JP-40,福岡県,256482,165794,90688,2021-05-21,IRYO,2021-05-24,NA,NA
JP-40,福岡県,316496,204875,111621,2021-05-28,IRYO,2021-05-31,NA,NA
JP-40,福岡県,365196,225874,139322,2021-06-04,IRYO,2021-06-07,NA,NA
JP-40,福岡県,365977,348485,17492,2021-06-06,KOREI,2021-06-07,NA,NA
JP-40,福岡県,402571,236175,166396,2021-06-11,IRYO,2021-06-14,NA,NA
JP-40,福岡県,435000,242630,192370,2021-06-18,IRYO,2021-06-21,NA,NA
JP-40,福岡県,457320,250988,206332,2021-06-25,IRYO,2021-06-28,NA,NA
JP-40,福岡県,469667,255725,213942,2021-07-02,IRYO,2021-07-05,NA,NA
JP-40,福岡県,489038,261995,227043,2021-07-12,IRYO,2021-07-13,NA,NA
JP-40,福岡県,500356,266090,234266,2021-07-19,IRYO,2021-07-19,NA,NA
JP-40,福岡県,598393,536124,62269,2021-06-13,KOREI,2021-06-14,NA,NA
JP-40,福岡県,885031,692242,192789,2021-06-20,KOREI,2021-06-21,NA,NA
JP-40,福岡県,929316,711875,217441,2021-06-21,IPPAN,2021-06-27,NA,NA
JP-40,福岡県,1254188,873436,380752,2021-06-27,IPPAN,2021-06-28,NA,NA
JP-40,福岡県,1624245,1066578,557667,2021-07-04,IPPAN,2021-07-05,NA,NA
JP-40,福岡県,2010628,1293515,717113,2021-07-12,IPPAN,2021-07-13,NA,NA
JP-40,福岡県,2369607,1489429,880178,2021-07-19,IPPAN,2021-07-19,4051950,0.584806574612224
JP-41,佐賀県,1685,1685,0,2021-04-25,KOREI,2021-04-28,NA,NA
JP-41,佐賀県,4060,4060,0,2021-05-05,KOREI,2021-05-06,NA,NA
JP-41,佐賀県,5369,5368,1,2021-05-09,KOREI,2021-05-10,NA,NA
JP-41,佐賀県,14126,12680,1446,2021-05-16,KOREI,2021-05-17,NA,NA
JP-41,佐賀県,29319,26519,2800,2021-05-23,KOREI,2021-05-24,NA,NA
JP-41,佐賀県,31726,21354,10372,2021-04-23,IRYO,2021-04-28,NA,NA
JP-41,佐賀県,42354,30237,12117,2021-04-30,IRYO,2021-05-06,NA,NA
JP-41,佐賀県,46287,32839,13448,2021-05-07,IRYO,2021-05-10,NA,NA
JP-41,佐賀県,57046,36610,20436,2021-05-14,IRYO,2021-05-17,NA,NA
JP-41,佐賀県,59346,55072,4274,2021-05-30,KOREI,2021-05-31,NA,NA
JP-41,佐賀県,70249,41439,28810,2021-05-21,IRYO,2021-05-24,NA,NA
JP-41,佐賀県,78401,46010,32391,2021-05-28,IRYO,2021-05-31,NA,NA
JP-41,佐賀県,83645,47762,35883,2021-06-04,IRYO,2021-06-07,NA,NA
JP-41,佐賀県,90799,51276,39523,2021-06-11,IRYO,2021-06-14,NA,NA
JP-41,佐賀県,94896,52670,42226,2021-06-18,IRYO,2021-06-21,NA,NA
JP-41,佐賀県,99359,87342,12017,2021-06-06,KOREI,2021-06-07,NA,NA
JP-41,佐賀県,103260,55429,47831,2021-06-25,IRYO,2021-06-28,NA,NA
JP-41,佐賀県,108083,57466,50617,2021-07-02,IRYO,2021-07-05,NA,NA
JP-41,佐賀県,110627,58790,51837,2021-07-12,IRYO,2021-07-13,NA,NA
JP-41,佐賀県,112765,59666,53099,2021-07-19,IRYO,2021-07-19,NA,NA
JP-41,佐賀県,151724,125014,26710,2021-06-13,KOREI,2021-06-14,NA,NA
JP-41,佐賀県,216207,160228,55979,2021-06-20,KOREI,2021-06-21,NA,NA
JP-41,佐賀県,229287,167763,61524,2021-06-21,IPPAN,2021-06-27,NA,NA
JP-41,佐賀県,288838,195431,93407,2021-06-27,IPPAN,2021-06-28,NA,NA
JP-41,佐賀県,352276,218983,133293,2021-07-04,IPPAN,2021-07-05,NA,NA
JP-41,佐賀県,419668,254085,165583,2021-07-12,IPPAN,2021-07-13,NA,NA
JP-41,佐賀県,485983,289844,196139,2021-07-19,IPPAN,2021-07-19,717265,0.677550138372847
JP-42,長崎県,2206,2206,0,2021-04-25,KOREI,2021-04-28,NA,NA
JP-42,長崎県,5088,5088,0,2021-05-05,KOREI,2021-05-06,NA,NA
JP-42,長崎県,6705,6705,0,2021-05-09,KOREI,2021-05-10,NA,NA
JP-42,長崎県,12265,10969,1296,2021-05-16,KOREI,2021-05-17,NA,NA
JP-42,長崎県,23024,19903,3121,2021-05-23,KOREI,2021-05-24,NA,NA
JP-42,長崎県,43332,28099,15233,2021-04-23,IRYO,2021-04-28,NA,NA
JP-42,長崎県,50277,43273,7004,2021-05-30,KOREI,2021-05-31,NA,NA
JP-42,長崎県,58996,40013,18983,2021-04-30,IRYO,2021-05-06,NA,NA
JP-42,長崎県,65212,44904,20308,2021-05-07,IRYO,2021-05-10,NA,NA
JP-42,長崎県,77636,50884,26752,2021-05-14,IRYO,2021-05-17,NA,NA
JP-42,長崎県,96251,57758,38493,2021-05-21,IRYO,2021-05-24,NA,NA
JP-42,長崎県,102017,89848,12169,2021-06-06,KOREI,2021-06-07,NA,NA
JP-42,長崎県,108142,63593,44549,2021-05-28,IRYO,2021-05-31,NA,NA
JP-42,長崎県,117726,67408,50318,2021-06-04,IRYO,2021-06-07,NA,NA
JP-42,長崎県,124452,68681,55771,2021-06-11,IRYO,2021-06-14,NA,NA
JP-42,長崎県,133475,71646,61829,2021-06-18,IRYO,2021-06-21,NA,NA
JP-42,長崎県,139517,74673,64844,2021-06-25,IRYO,2021-06-28,NA,NA
JP-42,長崎県,141797,75654,66143,2021-07-02,IRYO,2021-07-05,NA,NA
JP-42,長崎県,147077,77754,69323,2021-07-12,IRYO,2021-07-13,NA,NA
JP-42,長崎県,148646,78610,70036,2021-07-19,IRYO,2021-07-19,NA,NA
JP-42,長崎県,171572,148288,23284,2021-06-13,KOREI,2021-06-14,NA,NA
JP-42,長崎県,270756,215325,55431,2021-06-20,KOREI,2021-06-21,NA,NA
JP-42,長崎県,283350,223607,59743,2021-06-21,IPPAN,2021-06-27,NA,NA
JP-42,長崎県,372014,266531,105483,2021-06-27,IPPAN,2021-06-28,NA,NA
JP-42,長崎県,479357,315143,164214,2021-07-04,IPPAN,2021-07-05,NA,NA
JP-42,長崎県,597585,381884,215701,2021-07-12,IPPAN,2021-07-13,NA,NA
JP-42,長崎県,716823,442599,274224,2021-07-19,IPPAN,2021-07-19,1258560,0.569558066361556
JP-43,熊本県,1095,1095,0,2021-04-25,KOREI,2021-04-28,NA,NA
JP-43,熊本県,4883,4883,0,2021-05-05,KOREI,2021-05-06,NA,NA
JP-43,熊本県,7888,7887,1,2021-05-09,KOREI,2021-05-10,NA,NA
JP-43,熊本県,17603,16908,695,2021-05-16,KOREI,2021-05-17,NA,NA
JP-43,熊本県,38347,35128,3219,2021-05-23,KOREI,2021-05-24,NA,NA
JP-43,熊本県,56336,35782,20554,2021-04-23,IRYO,2021-04-28,NA,NA
JP-43,熊本県,72923,66508,6415,2021-05-30,KOREI,2021-05-31,NA,NA
JP-43,熊本県,78449,53481,24968,2021-04-30,IRYO,2021-05-06,NA,NA
JP-43,熊本県,87289,60846,26443,2021-05-07,IRYO,2021-05-10,NA,NA
JP-43,熊本県,103815,71014,32801,2021-05-14,IRYO,2021-05-17,NA,NA
JP-43,熊本県,124767,78330,46437,2021-05-21,IRYO,2021-05-24,NA,NA
JP-43,熊本県,138813,85298,53515,2021-05-28,IRYO,2021-05-31,NA,NA
JP-43,熊本県,151671,88275,63396,2021-06-04,IRYO,2021-06-07,NA,NA
JP-43,熊本県,162118,91307,70811,2021-06-11,IRYO,2021-06-14,NA,NA
JP-43,熊本県,178182,161507,16675,2021-06-06,KOREI,2021-06-07,NA,NA
JP-43,熊本県,179079,95762,83317,2021-06-18,IRYO,2021-06-21,NA,NA
JP-43,熊本県,211081,110650,100431,2021-06-25,IRYO,2021-06-28,NA,NA
JP-43,熊本県,225914,117825,108089,2021-07-02,IRYO,2021-07-05,NA,NA
JP-43,熊本県,230169,119579,110590,2021-07-12,IRYO,2021-07-13,NA,NA
JP-43,熊本県,232280,120233,112047,2021-07-19,IRYO,2021-07-19,NA,NA
JP-43,熊本県,270426,234512,35914,2021-06-13,KOREI,2021-06-14,NA,NA
JP-43,熊本県,390248,306574,83674,2021-06-20,KOREI,2021-06-21,NA,NA
JP-43,熊本県,392579,299887,92692,2021-06-21,IPPAN,2021-06-27,NA,NA
JP-43,熊本県,506566,355193,151373,2021-06-27,IPPAN,2021-06-28,NA,NA
JP-43,熊本県,650404,421385,229019,2021-07-04,IPPAN,2021-07-05,NA,NA
JP-43,熊本県,836885,527396,309489,2021-07-12,IPPAN,2021-07-13,NA,NA
JP-43,熊本県,976848,603640,373208,2021-07-19,IPPAN,2021-07-19,1474915,0.66230799741002
JP-44,大分県,1567,1567,0,2021-04-25,KOREI,2021-04-28,NA,NA
JP-44,大分県,4047,4047,0,2021-05-05,KOREI,2021-05-06,NA,NA
JP-44,大分県,4965,4965,0,2021-05-09,KOREI,2021-05-10,NA,NA
JP-44,大分県,13857,12343,1514,2021-05-16,KOREI,2021-05-17,NA,NA
JP-44,大分県,30075,26321,3754,2021-05-23,KOREI,2021-05-24,NA,NA
JP-44,大分県,36718,24933,11785,2021-04-23,IRYO,2021-04-28,NA,NA
JP-44,大分県,48373,35436,12937,2021-04-30,IRYO,2021-05-06,NA,NA
JP-44,大分県,52455,38970,13485,2021-05-07,IRYO,2021-05-10,NA,NA
JP-44,大分県,57297,51392,5905,2021-05-30,KOREI,2021-05-31,NA,NA
JP-44,大分県,66567,43704,22863,2021-05-14,IRYO,2021-05-17,NA,NA
JP-44,大分県,81850,47980,33870,2021-05-21,IRYO,2021-05-24,NA,NA
JP-44,大分県,92633,53021,39612,2021-05-28,IRYO,2021-05-31,NA,NA
JP-44,大分県,103266,56683,46583,2021-06-04,IRYO,2021-06-07,NA,NA
JP-44,大分県,107650,92906,14744,2021-06-06,KOREI,2021-06-07,NA,NA
JP-44,大分県,112125,59779,52346,2021-06-11,IRYO,2021-06-14,NA,NA
JP-44,大分県,117635,62039,55596,2021-06-18,IRYO,2021-06-21,NA,NA
JP-44,大分県,121597,64218,57379,2021-06-25,IRYO,2021-06-28,NA,NA
JP-44,大分県,124882,66202,58680,2021-07-02,IRYO,2021-07-05,NA,NA
JP-44,大分県,129499,69458,60041,2021-07-12,IRYO,2021-07-13,NA,NA
JP-44,大分県,133558,71817,61741,2021-07-19,IRYO,2021-07-19,NA,NA
JP-44,大分県,171304,140995,30309,2021-06-13,KOREI,2021-06-14,NA,NA
JP-44,大分県,245134,186454,58680,2021-06-20,KOREI,2021-06-21,NA,NA
JP-44,大分県,253280,189726,63554,2021-06-21,IPPAN,2021-06-27,NA,NA
JP-44,大分県,316790,218124,98666,2021-06-27,IPPAN,2021-06-28,NA,NA
JP-44,大分県,425866,276919,148947,2021-07-04,IPPAN,2021-07-05,NA,NA
JP-44,大分県,519647,326804,192843,2021-07-12,IPPAN,2021-07-13,NA,NA
JP-44,大分県,605317,373193,232124,2021-07-19,IPPAN,2021-07-19,944615,0.640808159938176
JP-45,宮崎県,1682,1682,0,2021-04-25,KOREI,2021-04-28,NA,NA
JP-45,宮崎県,4956,4956,0,2021-05-05,KOREI,2021-05-06,NA,NA
JP-45,宮崎県,6643,6344,299,2021-05-09,KOREI,2021-05-10,NA,NA
JP-45,宮崎県,19253,17744,1509,2021-05-16,KOREI,2021-05-17,NA,NA
JP-45,宮崎県,33854,21896,11958,2021-04-23,IRYO,2021-04-28,NA,NA
JP-45,宮崎県,43108,38662,4446,2021-05-23,KOREI,2021-05-24,NA,NA
JP-45,宮崎県,43760,29929,13831,2021-04-30,IRYO,2021-05-06,NA,NA
JP-45,宮崎県,47239,32851,14388,2021-05-07,IRYO,2021-05-10,NA,NA
JP-45,宮崎県,56057,35780,20277,2021-05-14,IRYO,2021-05-17,NA,NA
JP-45,宮崎県,68087,39725,28362,2021-05-21,IRYO,2021-05-24,NA,NA
JP-45,宮崎県,76858,45941,30917,2021-05-28,IRYO,2021-05-31,NA,NA
JP-45,宮崎県,79999,73604,6395,2021-05-30,KOREI,2021-05-31,NA,NA
JP-45,宮崎県,82856,48976,33880,2021-06-04,IRYO,2021-06-07,NA,NA
JP-45,宮崎県,89806,51355,38451,2021-06-11,IRYO,2021-06-14,NA,NA
JP-45,宮崎県,97645,53704,43941,2021-06-18,IRYO,2021-06-21,NA,NA
JP-45,宮崎県,103383,56067,47316,2021-06-25,IRYO,2021-06-28,NA,NA
JP-45,宮崎県,106715,57559,49156,2021-07-02,IRYO,2021-07-05,NA,NA
JP-45,宮崎県,110037,58433,51604,2021-07-12,IRYO,2021-07-13,NA,NA
JP-45,宮崎県,113111,60197,52914,2021-07-19,IRYO,2021-07-19,NA,NA
JP-45,宮崎県,133635,116246,17389,2021-06-06,KOREI,2021-06-07,NA,NA
JP-45,宮崎県,193149,156664,36485,2021-06-13,KOREI,2021-06-14,NA,NA
JP-45,宮崎県,262235,191402,70833,2021-06-20,KOREI,2021-06-21,NA,NA
JP-45,宮崎県,275750,196821,78929,2021-06-21,IPPAN,2021-06-27,NA,NA
JP-45,宮崎県,344844,228502,116342,2021-06-27,IPPAN,2021-06-28,NA,NA
JP-45,宮崎県,423793,263881,159912,2021-07-04,IPPAN,2021-07-05,NA,NA
JP-45,宮崎県,505753,312243,193510,2021-07-12,IPPAN,2021-07-13,NA,NA
JP-45,宮崎県,580023,350322,229701,2021-07-19,IPPAN,2021-07-19,873805,0.663789976024399
JP-46,鹿児島県,1189,1189,0,2021-04-25,KOREI,2021-04-28,NA,NA
JP-46,鹿児島県,5390,5390,0,2021-05-05,KOREI,2021-05-06,NA,NA
JP-46,鹿児島県,8580,8159,421,2021-05-09,KOREI,2021-05-10,NA,NA
JP-46,鹿児島県,22161,21077,1084,2021-05-16,KOREI,2021-05-17,NA,NA
JP-46,鹿児島県,48265,44578,3687,2021-05-23,KOREI,2021-05-24,NA,NA
JP-46,鹿児島県,50896,33865,17031,2021-04-23,IRYO,2021-04-28,NA,NA
JP-46,鹿児島県,66586,48427,18159,2021-04-30,IRYO,2021-05-06,NA,NA
JP-46,鹿児島県,73668,54420,19248,2021-05-07,IRYO,2021-05-10,NA,NA
JP-46,鹿児島県,80654,73791,6863,2021-05-30,KOREI,2021-05-31,NA,NA
JP-46,鹿児島県,91335,61409,29926,2021-05-14,IRYO,2021-05-17,NA,NA
JP-46,鹿児島県,117499,70529,46970,2021-05-21,IRYO,2021-05-24,NA,NA
JP-46,鹿児島県,128823,76134,52689,2021-05-28,IRYO,2021-05-31,NA,NA
JP-46,鹿児島県,134644,113685,20959,2021-06-06,KOREI,2021-06-07,NA,NA
JP-46,鹿児島県,140273,82563,57710,2021-06-04,IRYO,2021-06-07,NA,NA
JP-46,鹿児島県,155977,88985,66992,2021-06-11,IRYO,2021-06-14,NA,NA
JP-46,鹿児島県,166643,93344,73299,2021-06-18,IRYO,2021-06-21,NA,NA
JP-46,鹿児島県,177362,98225,79137,2021-06-25,IRYO,2021-06-28,NA,NA
JP-46,鹿児島県,185358,101497,83861,2021-07-02,IRYO,2021-07-05,NA,NA
JP-46,鹿児島県,192563,104157,88406,2021-07-12,IRYO,2021-07-13,NA,NA
JP-46,鹿児島県,199881,107582,92299,2021-07-19,IRYO,2021-07-19,NA,NA
JP-46,鹿児島県,215276,172442,42834,2021-06-13,KOREI,2021-06-14,NA,NA
JP-46,鹿児島県,319648,243088,76560,2021-06-20,KOREI,2021-06-21,NA,NA
JP-46,鹿児島県,331003,249911,81092,2021-06-21,IPPAN,2021-06-27,NA,NA
JP-46,鹿児島県,422872,304089,118783,2021-06-27,IPPAN,2021-06-28,NA,NA
JP-46,鹿児島県,537724,363833,173891,2021-07-04,IPPAN,2021-07-05,NA,NA
JP-46,鹿児島県,675998,432284,243714,2021-07-12,IPPAN,2021-07-13,NA,NA
JP-46,鹿児島県,805346,491756,313590,2021-07-19,IPPAN,2021-07-19,1371120,0.587363615146741
JP-47,沖縄県,651,651,0,2021-04-25,KOREI,2021-04-28,NA,NA
JP-47,沖縄県,2350,2350,0,2021-05-05,KOREI,2021-05-06,NA,NA
JP-47,沖縄県,3825,3813,12,2021-05-09,KOREI,2021-05-10,NA,NA
JP-47,沖縄県,12711,11993,718,2021-05-16,KOREI,2021-05-17,NA,NA
JP-47,沖縄県,26576,24259,2317,2021-05-23,KOREI,2021-05-24,NA,NA
JP-47,沖縄県,39635,25171,14464,2021-04-23,IRYO,2021-04-28,NA,NA
JP-47,沖縄県,49071,44463,4608,2021-05-30,KOREI,2021-05-31,NA,NA
JP-47,沖縄県,50971,33452,17519,2021-04-30,IRYO,2021-05-06,NA,NA
JP-47,沖縄県,55269,36373,18896,2021-05-07,IRYO,2021-05-10,NA,NA
JP-47,沖縄県,66704,42495,24209,2021-05-14,IRYO,2021-05-17,NA,NA
JP-47,沖縄県,79378,47740,31638,2021-05-21,IRYO,2021-05-24,NA,NA
JP-47,沖縄県,84976,70700,14276,2021-06-06,KOREI,2021-06-07,NA,NA
JP-47,沖縄県,86091,50762,35329,2021-05-28,IRYO,2021-05-31,NA,NA
JP-47,沖縄県,94203,54078,40125,2021-06-04,IRYO,2021-06-07,NA,NA
JP-47,沖縄県,100914,56183,44731,2021-06-11,IRYO,2021-06-14,NA,NA
JP-47,沖縄県,106645,59252,47393,2021-06-18,IRYO,2021-06-21,NA,NA
JP-47,沖縄県,111470,61868,49602,2021-06-25,IRYO,2021-06-28,NA,NA
JP-47,沖縄県,117416,64290,53126,2021-07-02,IRYO,2021-07-05,NA,NA
JP-47,沖縄県,123731,67817,55914,2021-07-12,IRYO,2021-07-13,NA,NA
JP-47,沖縄県,127452,69682,57770,2021-07-19,IRYO,2021-07-19,NA,NA
JP-47,沖縄県,131563,102453,29110,2021-06-13,KOREI,2021-06-14,NA,NA
JP-47,沖縄県,192598,140813,51785,2021-06-20,KOREI,2021-06-21,NA,NA
JP-47,沖縄県,205799,150649,55150,2021-06-21,IPPAN,2021-06-27,NA,NA
JP-47,沖縄県,269427,194690,74737,2021-06-27,IPPAN,2021-06-28,NA,NA
JP-47,沖縄県,346960,241993,104967,2021-07-04,IPPAN,2021-07-05,NA,NA
JP-47,沖縄県,436242,287171,149071,2021-07-12,IPPAN,2021-07-13,NA,NA
JP-47,沖縄県,521736,334389,187347,2021-07-19,IPPAN,2021-07-19,1020565,0.511222705070231
